datetime,demand,linear_prediction,random_forest_prediction,random_forest_error
2024-12-15 04:45:00,857.943886,1277.655968,873.227591,-15.283705
2024-12-15 05:00:00,862.118148,1286.569593,877.014477,-14.896329
2024-12-15 05:15:00,865.921176,1288.773532,895.769350,-29.848174
2024-12-15 05:30:00,868.838094,1290.977472,927.606331,-58.768237
2024-12-15 05:45:00,874.601507,1293.181412,934.180906,-59.579399
2024-12-15 06:00:00,889.508985,1302.095037,947.891611,-58.382626
2024-12-15 06:15:00,894.671926,1304.298977,946.699468,-52.027542
2024-12-15 06:30:00,898.751745,1306.502916,949.646857,-50.895113
2024-12-15 06:45:00,895.762032,1308.706856,949.900304,-54.138273
2024-12-15 07:00:00,904.881975,1317.620481,951.075653,-46.193678
2024-12-15 07:15:00,922.947143,1319.824421,961.994473,-39.047330
2024-12-15 07:30:00,940.606697,1322.028360,978.502943,-37.896246
2024-12-15 07:45:00,960.488599,1324.232300,986.257849,-25.769249
2024-12-15 08:00:00,978.904171,1333.145925,1003.005264,-24.101093
2024-12-15 08:15:00,1000.941356,1335.349865,1023.018305,-22.076949
2024-12-15 08:30:00,1020.290404,1337.553804,1037.855742,-17.565338
2024-12-15 08:45:00,1040.172910,1339.757744,1081.260205,-41.087295
2024-12-15 09:00:00,1064.215016,1348.671369,1081.735456,-17.520440
2024-12-15 09:15:00,1095.680237,1350.875309,1106.427780,-10.747543
2024-12-15 09:30:00,1110.985099,1353.079248,1117.908285,-6.923186
2024-12-15 09:45:00,1117.035672,1355.283188,1125.992939,-8.957267
2024-12-15 10:00:00,1137.932953,1364.196813,1176.319387,-38.386434
2024-12-15 10:15:00,1159.726500,1366.400753,1184.790594,-25.064094
2024-12-15 10:30:00,1181.382252,1368.604692,1204.181355,-22.799103
2024-12-15 10:45:00,1189.519373,1370.808632,1208.171727,-18.652354
2024-12-15 11:00:00,1199.855734,1379.722257,1217.728478,-17.872744
2024-12-15 11:15:00,1208.158480,1381.926197,1220.366381,-12.207901
2024-12-15 11:30:00,1211.279440,1384.130136,1222.494435,-11.214995
2024-12-15 11:45:00,1211.900264,1386.334076,1222.487051,-10.586787
2024-12-15 12:00:00,1213.873502,1395.247701,1222.172567,-8.299065
2024-12-15 12:15:00,1212.261503,1397.451641,1221.589378,-9.327875
2024-12-15 12:30:00,1216.387454,1399.655580,1219.170659,-2.783205
2024-12-15 12:45:00,1224.081791,1401.859520,1216.020272,8.061519
2024-12-15 13:00:00,1199.598870,1410.773145,1205.730207,-6.131337
2024-12-15 13:15:00,1187.366133,1412.977085,1191.161406,-3.795273
2024-12-15 13:30:00,1180.809724,1415.181024,1179.983290,0.826434
2024-12-15 13:45:00,1170.921240,1417.384964,1176.408733,-5.487493
2024-12-15 14:00:00,1167.625122,1426.298589,1167.899457,-0.274335
2024-12-15 14:15:00,1161.053681,1428.502529,1164.316203,-3.262522
2024-12-15 14:30:00,1158.610720,1430.706468,1162.672732,-4.062012
2024-12-15 14:45:00,1153.023470,1432.910408,1159.089634,-6.066164
2024-12-15 15:00:00,1151.173295,1441.824033,1155.801901,-4.628606
2024-12-15 15:15:00,1144.880926,1444.027973,1149.637825,-4.756899
2024-12-15 15:30:00,1136.245470,1446.231913,1138.337391,-2.091921
2024-12-15 15:45:00,1129.706378,1448.435852,1134.606903,-4.900525
2024-12-15 16:00:00,1125.244022,1457.349477,1129.579097,-4.335075
2024-12-15 16:15:00,1118.578982,1459.553417,1127.556572,-8.977590
2024-12-15 16:30:00,1118.615840,1461.757357,1126.035554,-7.419714
2024-12-15 16:45:00,1114.508132,1463.961296,1126.162950,-11.654818
2024-12-15 17:00:00,1117.255326,1472.874921,1128.431489,-11.176163
2024-12-15 17:15:00,1121.771876,1475.078861,1132.305916,-10.534040
2024-12-15 17:30:00,1131.879879,1477.282801,1136.946746,-5.066867
2024-12-15 17:45:00,1148.897792,1479.486740,1138.783034,10.114758
2024-12-15 18:00:00,1188.308390,1488.400365,1194.910987,-6.602597
2024-12-15 18:15:00,1228.221366,1490.604305,1232.210211,-3.988845
2024-12-15 18:30:00,1239.717546,1492.808245,1234.830663,4.886883
2024-12-15 18:45:00,1238.909893,1495.012184,1236.328824,2.581069
2024-12-15 19:00:00,1234.661569,1503.925810,1236.884545,-2.222976
2024-12-15 19:15:00,1228.985160,1506.129749,1236.394482,-7.409322
2024-12-15 19:30:00,1219.564844,1508.333689,1233.802892,-14.238048
2024-12-15 19:45:00,1215.668751,1510.537628,1229.510282,-13.841531
2024-12-15 20:00:00,1208.708742,1519.451254,1222.655210,-13.946468
2024-12-15 20:15:00,1200.218362,1521.655193,1218.490667,-18.272305
2024-12-15 20:30:00,1195.565069,1523.859133,1214.350808,-18.785739
2024-12-15 20:45:00,1189.285908,1526.063072,1208.965798,-19.679890
2024-12-15 21:00:00,1176.054781,1534.976698,1192.834802,-16.780021
2024-12-15 21:15:00,1166.023453,1537.180637,1184.714587,-18.691134
2024-12-15 21:30:00,1155.803807,1539.384577,1179.035861,-23.232054
2024-12-15 21:45:00,1140.928439,1541.588516,1174.360240,-33.431801
2024-12-15 22:00:00,1123.751164,1550.502142,1147.799709,-24.048545
2024-12-15 22:15:00,1111.443723,1552.706081,1134.901026,-23.457303
2024-12-15 22:30:00,1100.198838,1554.910021,1127.826552,-27.627714
2024-12-15 22:45:00,1086.279606,1557.113960,1120.280115,-34.000509
2024-12-15 23:00:00,1072.610322,1566.027586,1106.625816,-34.015494
2024-12-15 23:15:00,1062.180428,1568.231525,1098.720257,-36.539829
2024-12-15 23:30:00,1049.250244,1570.435465,1096.299817,-47.049573
2024-12-15 23:45:00,1034.743585,1572.639404,1096.393161,-61.649576
2024-12-16 00:00:00,1016.566733,1310.097349,1048.252546,-31.685813
2024-12-16 00:15:00,1000.171907,1312.301289,1046.491873,-46.319966
2024-12-16 00:30:00,981.180573,1314.505228,1033.140036,-51.959463
2024-12-16 00:45:00,966.414591,1316.709168,1011.662222,-45.247631
2024-12-16 01:00:00,949.722780,1325.622793,998.125858,-48.403078
2024-12-16 01:15:00,935.159923,1327.826733,986.084288,-50.924366
2024-12-16 01:30:00,921.556939,1330.030672,965.261467,-43.704528
2024-12-16 01:45:00,907.294148,1332.234612,944.226253,-36.932105
2024-12-16 02:00:00,894.078427,1341.148237,929.805341,-35.726914
2024-12-16 02:15:00,882.199374,1343.352177,924.708196,-42.508822
2024-12-16 02:30:00,870.222783,1345.556116,906.737070,-36.514288
2024-12-16 02:45:00,861.470303,1347.760056,888.927995,-27.457692
2024-12-16 03:00:00,852.050645,1356.673681,882.909929,-30.859284
2024-12-16 03:15:00,845.107804,1358.877621,879.172452,-34.064648
2024-12-16 03:30:00,837.420690,1361.081560,874.494286,-37.073596
2024-12-16 03:45:00,831.338120,1363.285500,873.580875,-42.242756
2024-12-16 04:00:00,831.455330,1372.199125,873.390262,-41.934931
2024-12-16 04:15:00,831.268411,1374.403065,872.644973,-41.376563
2024-12-16 04:30:00,833.728538,1376.607004,873.217441,-39.488903
2024-12-16 04:45:00,837.370420,1378.810944,873.790491,-36.420071
2024-12-16 05:00:00,847.308150,1387.724569,877.700513,-30.392363
2024-12-16 05:15:00,862.377320,1389.928509,890.569225,-28.191905
2024-12-16 05:30:00,885.478665,1392.132448,915.041841,-29.563176
2024-12-16 05:45:00,915.312956,1394.336388,921.844087,-6.531131
2024-12-16 06:00:00,956.393177,1403.250013,1003.447228,-47.054051
2024-12-16 06:15:00,980.788964,1405.453953,1030.885380,-50.096416
2024-12-16 06:30:00,987.160382,1407.657892,1040.209963,-53.049581
2024-12-16 06:45:00,997.667701,1409.861832,1042.194013,-44.526312
2024-12-16 07:00:00,1020.143968,1418.775457,1062.956897,-42.812929
2024-12-16 07:15:00,1056.754965,1420.979397,1095.091812,-38.336847
2024-12-16 07:30:00,1088.591574,1423.183336,1128.044642,-39.453068
2024-12-16 07:45:00,1115.589069,1425.387276,1149.813259,-34.224190
2024-12-16 08:00:00,1152.606092,1434.300901,1184.641620,-32.035528
2024-12-16 08:15:00,1191.283324,1436.504841,1218.322296,-27.038972
2024-12-16 08:30:00,1222.825380,1438.708781,1247.170831,-24.345451
2024-12-16 08:45:00,1257.365056,1440.912720,1283.912294,-26.547238
2024-12-16 09:00:00,1281.937776,1449.826345,1303.597893,-21.660117
2024-12-16 09:15:00,1317.105716,1452.030285,1331.987477,-14.881761
2024-12-16 09:30:00,1345.004132,1454.234225,1366.054743,-21.050611
2024-12-16 09:45:00,1373.558684,1456.438164,1387.074128,-13.515444
2024-12-16 10:00:00,1410.484010,1465.351789,1412.318148,-1.834138
2024-12-16 10:15:00,1430.938757,1467.555729,1451.395419,-20.456662
2024-12-16 10:30:00,1450.982226,1469.759669,1458.848095,-7.865869
2024-12-16 10:45:00,1461.046574,1471.963608,1459.457014,1.589560
2024-12-16 11:00:00,1469.471786,1480.877233,1461.625010,7.846776
2024-12-16 11:15:00,1471.003821,1483.081173,1461.777349,9.226472
2024-12-16 11:30:00,1466.698275,1485.285113,1461.176117,5.522158
2024-12-16 11:45:00,1461.402902,1487.489052,1461.027657,0.375245
2024-12-16 12:00:00,1448.575770,1496.402678,1460.391003,-11.815233
2024-12-16 12:15:00,1435.502448,1498.606617,1459.040055,-23.537607
2024-12-16 12:30:00,1414.337916,1500.810557,1455.045467,-40.707551
2024-12-16 12:45:00,1401.540132,1503.014496,1446.528409,-44.988277
2024-12-16 13:00:00,1356.273163,1511.928122,1375.071095,-18.797932
2024-12-16 13:15:00,1348.616200,1514.132061,1374.909284,-26.293084
2024-12-16 13:30:00,1344.510678,1516.336001,1374.977504,-30.466826
2024-12-16 13:45:00,1343.071929,1518.539940,1374.977504,-31.905575
2024-12-16 14:00:00,1356.566839,1527.453566,1375.071095,-18.504256
2024-12-16 14:15:00,1362.768976,1529.657505,1375.203325,-12.434349
2024-12-16 14:30:00,1367.191257,1531.861445,1376.937230,-9.745973
2024-12-16 14:45:00,1369.961199,1534.065384,1379.285729,-9.324530
2024-12-16 15:00:00,1373.951146,1542.979010,1381.488183,-7.537037
2024-12-16 15:15:00,1377.304021,1545.182949,1381.583542,-4.279521
2024-12-16 15:30:00,1374.389832,1547.386889,1381.448849,-7.059017
2024-12-16 15:45:00,1369.263822,1549.590828,1382.152365,-12.888543
2024-12-16 16:00:00,1370.413210,1558.504454,1382.848821,-12.435611
2024-12-16 16:15:00,1364.138192,1560.708393,1382.687010,-18.548818
2024-12-16 16:30:00,1367.950273,1562.912333,1382.552317,-14.602044
2024-12-16 16:45:00,1363.321080,1565.116272,1382.895642,-19.574562
2024-12-16 17:00:00,1366.468468,1574.029898,1383.483215,-17.014747
2024-12-16 17:15:00,1361.057517,1576.233837,1386.262192,-25.204675
2024-12-16 17:30:00,1360.008212,1578.437777,1389.758886,-29.750674
2024-12-16 17:45:00,1373.852981,1580.641717,1397.884379,-24.031398
2024-12-16 18:00:00,1399.577639,1589.555342,1420.749364,-21.171725
2024-12-16 18:15:00,1429.954845,1591.759281,1421.364189,8.590656
2024-12-16 18:30:00,1437.019779,1593.963221,1422.112825,14.906954
2024-12-16 18:45:00,1428.732330,1596.167161,1421.262797,7.469533
2024-12-16 19:00:00,1409.543820,1605.080786,1418.181725,-8.637905
2024-12-16 19:15:00,1390.089277,1607.284725,1411.605657,-21.516380
2024-12-16 19:30:00,1372.327061,1609.488665,1406.689740,-34.362679
2024-12-16 19:45:00,1351.611571,1611.692605,1401.676373,-50.064802
2024-12-16 20:00:00,1326.678425,1620.606230,1353.436561,-26.758136
2024-12-16 20:15:00,1310.212925,1622.810169,1333.497975,-23.285050
2024-12-16 20:30:00,1289.621826,1625.014109,1321.700719,-32.078893
2024-12-16 20:45:00,1268.874990,1627.218049,1299.919481,-31.044491
2024-12-16 21:00:00,1236.231130,1636.131674,1271.612821,-35.381691
2024-12-16 21:15:00,1215.226430,1638.335613,1257.042006,-41.815576
2024-12-16 21:30:00,1199.714358,1640.539553,1237.148169,-37.433811
2024-12-16 21:45:00,1181.040360,1642.743493,1222.657025,-41.616665
2024-12-16 22:00:00,1148.491317,1651.657118,1200.127593,-51.636276
2024-12-16 22:15:00,1129.585011,1653.861058,1178.561106,-48.976095
2024-12-16 22:30:00,1113.477686,1656.064997,1164.152280,-50.674594
2024-12-16 22:45:00,1098.825645,1658.268937,1154.908719,-56.083074
2024-12-16 23:00:00,1080.503673,1667.182562,1131.769099,-51.265426
2024-12-16 23:15:00,1062.806500,1669.386502,1115.118935,-52.312435
2024-12-16 23:30:00,1046.680554,1671.590441,1105.963344,-59.282790
2024-12-16 23:45:00,1028.764743,1673.794381,1104.491126,-75.726383
2024-12-17 00:00:00,1005.092767,1306.548892,1048.252546,-43.159779
2024-12-17 00:15:00,986.851780,1308.752832,1046.491873,-59.640093
2024-12-17 00:30:00,968.725383,1310.956771,1033.140036,-64.414653
2024-12-17 00:45:00,952.437952,1313.160711,1011.662222,-59.224270
2024-12-17 01:00:00,935.951206,1322.074336,998.125858,-62.174652
2024-12-17 01:15:00,919.151989,1324.278276,986.084288,-66.932299
2024-12-17 01:30:00,906.007617,1326.482215,965.261467,-59.253850
2024-12-17 01:45:00,894.898360,1328.686155,944.226253,-49.327893
2024-12-17 02:00:00,883.814202,1337.599780,929.805341,-45.991138
2024-12-17 02:15:00,874.595186,1339.803720,924.708196,-50.113009
2024-12-17 02:30:00,864.680222,1342.007659,906.737070,-42.056848
2024-12-17 02:45:00,856.342602,1344.211599,888.316001,-31.973398
2024-12-17 03:00:00,847.035154,1353.125224,882.297935,-35.262781
2024-12-17 03:15:00,839.115046,1355.329164,878.560458,-39.445412
2024-12-17 03:30:00,833.747037,1357.533103,873.882291,-40.135254
2024-12-17 03:45:00,830.644540,1359.737043,872.968881,-42.324341
2024-12-17 04:00:00,829.938628,1368.650668,872.778267,-42.839640
2024-12-17 04:15:00,828.719645,1370.854608,872.193133,-43.473488
2024-12-17 04:30:00,830.506270,1373.058547,872.765600,-42.259331
2024-12-17 04:45:00,835.903660,1375.262487,873.636832,-37.733171
2024-12-17 05:00:00,847.410390,1384.176112,877.546853,-30.136463
2024-12-17 05:15:00,863.252797,1386.380052,890.415565,-27.162769
2024-12-17 05:30:00,883.928431,1388.583991,914.888182,-30.959751
2024-12-17 05:45:00,914.016433,1390.787931,921.690428,-7.673995
2024-12-17 06:00:00,957.753550,1399.701556,1002.159684,-44.406134
2024-12-17 06:15:00,986.431610,1401.905496,1026.893314,-40.461705
2024-12-17 06:30:00,995.649262,1404.109435,1035.631881,-39.982618
2024-12-17 06:45:00,1004.874385,1406.313375,1037.751859,-32.877474
2024-12-17 07:00:00,1028.277229,1415.227000,1062.322529,-34.045300
2024-12-17 07:15:00,1061.542471,1417.430940,1094.052812,-32.510341
2024-12-17 07:30:00,1093.386647,1419.634879,1127.490697,-34.104050
2024-12-17 07:45:00,1122.453805,1421.838819,1148.657208,-26.203403
2024-12-17 08:00:00,1160.513263,1430.752444,1185.120999,-24.607736
2024-12-17 08:15:00,1197.250000,1432.956384,1217.767044,-20.517044
2024-12-17 08:30:00,1236.317426,1435.160323,1246.149888,-9.832462
2024-12-17 08:45:00,1260.690497,1437.364263,1289.069564,-28.379067
2024-12-17 09:00:00,1287.613048,1446.277888,1316.097277,-28.484229
2024-12-17 09:15:00,1319.959306,1448.481828,1348.807844,-28.848538
2024-12-17 09:30:00,1343.453370,1450.685768,1380.647467,-37.194097
2024-12-17 09:45:00,1375.846305,1452.889707,1402.982101,-27.135796
2024-12-17 10:00:00,1399.222699,1461.803332,1431.950789,-32.728090
2024-12-17 10:15:00,1420.718655,1464.007272,1464.651506,-43.932851
2024-12-17 10:30:00,1437.602994,1466.211212,1474.776724,-37.173730
2024-12-17 10:45:00,1447.353542,1468.415151,1475.196694,-27.843152
2024-12-17 11:00:00,1457.358216,1477.328776,1476.315733,-18.957517
2024-12-17 11:15:00,1460.697675,1479.532716,1476.315733,-15.618058
2024-12-17 11:30:00,1459.486800,1481.736656,1476.315733,-16.828933
2024-12-17 11:45:00,1451.465479,1483.940595,1476.225001,-24.759522
2024-12-17 12:00:00,1442.999505,1492.854220,1475.548353,-32.548848
2024-12-17 12:15:00,1432.631950,1495.058160,1471.011666,-38.379716
2024-12-17 12:30:00,1415.426206,1497.262100,1465.380207,-49.954001
2024-12-17 12:45:00,1399.274455,1499.466039,1456.000585,-56.726130
2024-12-17 13:00:00,1357.830564,1508.379665,1398.353733,-40.523169
2024-12-17 13:15:00,1345.769008,1510.583604,1398.353733,-52.584725
2024-12-17 13:30:00,1344.006867,1512.787544,1398.353733,-54.346866
2024-12-17 13:45:00,1343.262126,1514.991483,1398.353733,-55.091607
2024-12-17 14:00:00,1355.136144,1523.905109,1398.572131,-43.435987
2024-12-17 14:15:00,1360.594398,1526.109048,1399.025991,-38.431593
2024-12-17 14:30:00,1367.651934,1528.312988,1399.025991,-31.374057
2024-12-17 14:45:00,1372.358734,1530.516927,1399.025991,-26.667257
2024-12-17 15:00:00,1375.741584,1539.430553,1399.025991,-23.284407
2024-12-17 15:15:00,1375.439597,1541.634492,1399.025991,-23.586394
2024-12-17 15:30:00,1377.017004,1543.838432,1399.025991,-22.008987
2024-12-17 15:45:00,1372.799248,1546.042371,1399.025991,-26.226743
2024-12-17 16:00:00,1373.020120,1554.955997,1399.025991,-26.005871
2024-12-17 16:15:00,1372.624942,1557.159936,1399.025991,-26.401049
2024-12-17 16:30:00,1377.810425,1559.363876,1399.025991,-21.215566
2024-12-17 16:45:00,1373.096189,1561.567815,1399.025991,-25.929802
2024-12-17 17:00:00,1371.972322,1570.481441,1399.025991,-27.053669
2024-12-17 17:15:00,1373.954933,1572.685380,1399.025991,-25.071058
2024-12-17 17:30:00,1378.667721,1574.889320,1400.345844,-21.678123
2024-12-17 17:45:00,1392.837550,1577.093259,1412.732749,-19.895199
2024-12-17 18:00:00,1419.352056,1586.006885,1461.114658,-41.762602
2024-12-17 18:15:00,1447.201041,1588.210824,1466.906264,-19.705223
2024-12-17 18:30:00,1449.609432,1590.414764,1470.246097,-20.636665
2024-12-17 18:45:00,1442.118434,1592.618704,1470.585636,-28.467202
2024-12-17 19:00:00,1422.559122,1601.532329,1458.615667,-36.056545
2024-12-17 19:15:00,1396.643516,1603.736268,1438.793079,-42.149563
2024-12-17 19:30:00,1382.255108,1605.940208,1424.757632,-42.502524
2024-12-17 19:45:00,1364.293276,1608.144148,1415.851558,-51.558282
2024-12-17 20:00:00,1341.308785,1617.057773,1370.556305,-29.247520
2024-12-17 20:15:00,1322.598626,1619.261712,1354.337480,-31.738854
2024-12-17 20:30:00,1306.786323,1621.465652,1336.023965,-29.237642
2024-12-17 20:45:00,1286.291746,1623.669592,1310.223193,-23.931447
2024-12-17 21:00:00,1256.466593,1632.583217,1277.955243,-21.488650
2024-12-17 21:15:00,1236.406952,1634.787156,1265.126820,-28.719868
2024-12-17 21:30:00,1213.371714,1636.991096,1246.405186,-33.033472
2024-12-17 21:45:00,1184.486275,1639.195036,1229.538909,-45.052634
2024-12-17 22:00:00,1161.606091,1648.108661,1204.263811,-42.657720
2024-12-17 22:15:00,1139.936765,1650.312601,1183.042432,-43.105667
2024-12-17 22:30:00,1119.490473,1652.516540,1168.662133,-49.171660
2024-12-17 22:45:00,1103.080028,1654.720480,1158.220748,-55.140720
2024-12-17 23:00:00,1079.049807,1663.634105,1134.511417,-55.461610
2024-12-17 23:15:00,1058.308027,1665.838045,1117.419734,-59.111707
2024-12-17 23:30:00,1039.299906,1668.041984,1107.401236,-68.101330
2024-12-17 23:45:00,1023.405096,1670.245924,1105.929019,-82.523923
2024-12-18 00:00:00,999.275917,1303.000435,1060.648456,-61.372539
2024-12-18 00:15:00,979.920257,1305.204375,1058.758331,-78.838074
2024-12-18 00:30:00,963.343656,1307.408314,1043.394212,-80.050556
2024-12-18 00:45:00,944.724097,1309.612254,1023.280178,-78.556081
2024-12-18 01:00:00,929.347550,1318.525879,1006.415914,-77.068364
2024-12-18 01:15:00,911.701545,1320.729819,993.343674,-81.642129
2024-12-18 01:30:00,898.148023,1322.933758,975.024149,-76.876127
2024-12-18 01:45:00,886.070398,1325.137698,957.776592,-71.706194
2024-12-18 02:00:00,875.147399,1334.051323,944.695305,-69.547906
2024-12-18 02:15:00,863.510113,1336.255263,938.296878,-74.786765
2024-12-18 02:30:00,854.638824,1338.459202,919.921605,-65.282781
2024-12-18 02:45:00,843.751060,1340.663142,904.608411,-60.857352
2024-12-18 03:00:00,836.126010,1349.576767,895.554185,-59.428175
2024-12-18 03:15:00,829.276452,1351.780707,889.267355,-59.990903
2024-12-18 03:30:00,823.867891,1353.984646,884.015832,-60.147941
2024-12-18 03:45:00,820.015221,1356.188586,882.769418,-62.754197
2024-12-18 04:00:00,817.966952,1365.102211,882.428409,-64.461457
2024-12-18 04:15:00,819.514268,1367.306151,881.683121,-62.168853
2024-12-18 04:30:00,823.094522,1369.510090,881.859812,-58.765290
2024-12-18 04:45:00,827.584802,1371.714030,882.111712,-54.526910
2024-12-18 05:00:00,839.615342,1380.627655,886.113149,-46.497808
2024-12-18 05:15:00,855.910636,1382.831595,901.779747,-45.869111
2024-12-18 05:30:00,877.964782,1385.035534,932.003813,-54.039031
2024-12-18 05:45:00,907.036505,1387.239474,937.260272,-30.223766
2024-12-18 06:00:00,952.278047,1396.153099,1002.010637,-49.732590
2024-12-18 06:15:00,979.260137,1398.357039,1026.308724,-47.048587
2024-12-18 06:30:00,990.861745,1400.560978,1034.884609,-44.022864
2024-12-18 06:45:00,998.405128,1402.764918,1037.004588,-38.599459
2024-12-18 07:00:00,1026.116233,1411.678543,1063.127832,-37.011599
2024-12-18 07:15:00,1062.002002,1413.882483,1095.627070,-33.625068
2024-12-18 07:30:00,1096.075556,1416.086422,1130.889970,-34.814414
2024-12-18 07:45:00,1123.138252,1418.290362,1149.986742,-26.848490
2024-12-18 08:00:00,1164.493822,1427.203987,1187.716025,-23.222203
2024-12-18 08:15:00,1203.176566,1429.407927,1220.927803,-17.751237
2024-12-18 08:30:00,1236.735191,1431.611866,1249.021677,-12.286486
2024-12-18 08:45:00,1259.854514,1433.815806,1290.369523,-30.515009
2024-12-18 09:00:00,1289.600615,1442.729431,1316.515784,-26.915169
2024-12-18 09:15:00,1326.225829,1444.933371,1351.443056,-25.217227
2024-12-18 09:30:00,1359.651321,1447.137311,1384.074957,-24.423636
2024-12-18 09:45:00,1378.010264,1449.341250,1408.170802,-30.160538
2024-12-18 10:00:00,1403.465311,1458.254875,1434.538651,-31.073340
2024-12-18 10:15:00,1424.597453,1460.458815,1460.917423,-36.319970
2024-12-18 10:30:00,1440.006428,1462.662755,1469.370833,-29.364405
2024-12-18 10:45:00,1454.663540,1464.866694,1469.931775,-15.268235
2024-12-18 11:00:00,1460.205577,1473.780319,1469.336776,-9.131199
2024-12-18 11:15:00,1463.470211,1475.984259,1469.336776,-5.866565
2024-12-18 11:30:00,1456.097324,1478.188199,1469.336776,-13.239452
2024-12-18 11:45:00,1453.656385,1480.392138,1469.336776,-15.680391
2024-12-18 12:00:00,1452.659287,1489.305763,1468.253836,-15.594549
2024-12-18 12:15:00,1444.540775,1491.509703,1462.585886,-18.045111
2024-12-18 12:30:00,1426.109384,1493.713643,1456.779176,-30.669792
2024-12-18 12:45:00,1412.449806,1495.917582,1448.005967,-35.556161
2024-12-18 13:00:00,1370.818694,1504.831208,1396.664390,-25.845696
2024-12-18 13:15:00,1359.748381,1507.035147,1396.664390,-36.916009
2024-12-18 13:30:00,1352.459066,1509.239087,1396.664390,-44.205324
2024-12-18 13:45:00,1353.340664,1511.443026,1396.664390,-43.323726
2024-12-18 14:00:00,1365.043605,1520.356652,1397.572281,-32.528676
2024-12-18 14:15:00,1374.838019,1522.560591,1398.809545,-23.971526
2024-12-18 14:30:00,1385.182432,1524.764531,1398.809545,-13.627113
2024-12-18 14:45:00,1390.108564,1526.968470,1398.809545,-8.700981
2024-12-18 15:00:00,1392.571694,1535.882096,1398.809545,-6.237851
2024-12-18 15:15:00,1391.130468,1538.086035,1398.809545,-7.679077
2024-12-18 15:30:00,1387.419861,1540.289975,1398.809545,-11.389684
2024-12-18 15:45:00,1384.617511,1542.493914,1398.809545,-14.192034
2024-12-18 16:00:00,1384.125636,1551.407540,1398.809545,-14.683909
2024-12-18 16:15:00,1377.635727,1553.611479,1398.809545,-21.173818
2024-12-18 16:30:00,1382.042741,1555.815419,1398.809545,-16.766804
2024-12-18 16:45:00,1380.425371,1558.019358,1398.809545,-18.384174
2024-12-18 17:00:00,1383.476947,1566.932984,1398.809545,-15.332598
2024-12-18 17:15:00,1384.668006,1569.136923,1398.809545,-14.141539
2024-12-18 17:30:00,1389.541658,1571.340863,1400.129398,-10.587740
2024-12-18 17:45:00,1406.421782,1573.544802,1412.516303,-6.094521
2024-12-18 18:00:00,1437.525202,1582.458428,1462.514069,-24.988867
2024-12-18 18:15:00,1468.529460,1584.662367,1468.633407,-0.103947
2024-12-18 18:30:00,1476.244665,1586.866307,1472.381660,3.863005
2024-12-18 18:45:00,1466.260060,1589.070247,1472.721199,-6.461139
2024-12-18 19:00:00,1448.003713,1597.983872,1460.053822,-12.050109
2024-12-18 19:15:00,1433.850791,1600.187811,1440.434569,-6.583778
2024-12-18 19:30:00,1414.008256,1602.391751,1426.705911,-12.697655
2024-12-18 19:45:00,1393.866862,1604.595691,1417.129047,-23.262185
2024-12-18 20:00:00,1369.190818,1613.509316,1375.639389,-6.448571
2024-12-18 20:15:00,1353.350231,1615.713255,1358.007579,-4.657348
2024-12-18 20:30:00,1337.839050,1617.917195,1341.499744,-3.660694
2024-12-18 20:45:00,1315.527565,1620.121135,1315.256742,0.270823
2024-12-18 21:00:00,1282.271812,1629.034760,1282.517555,-0.245743
2024-12-18 21:15:00,1262.370732,1631.238699,1269.179225,-6.808493
2024-12-18 21:30:00,1238.855632,1633.442639,1250.968475,-12.112843
2024-12-18 21:45:00,1220.758772,1635.646579,1233.325710,-12.566938
2024-12-18 22:00:00,1189.870068,1644.560204,1208.474486,-18.604418
2024-12-18 22:15:00,1169.995592,1646.764144,1188.639597,-18.644005
2024-12-18 22:30:00,1150.645516,1648.968083,1175.437566,-24.792050
2024-12-18 22:45:00,1130.564359,1651.172023,1164.173947,-33.609588
2024-12-18 23:00:00,1104.364447,1660.085648,1140.353404,-35.988957
2024-12-18 23:15:00,1083.103203,1662.289588,1123.004495,-39.901292
2024-12-18 23:30:00,1063.308926,1664.493527,1112.813430,-49.504504
2024-12-18 23:45:00,1043.232164,1666.697467,1111.095313,-67.863149
2024-12-19 00:00:00,1019.081738,1299.451978,1062.673511,-43.591773
2024-12-19 00:15:00,998.907048,1301.655918,1060.783387,-61.876339
2024-12-19 00:30:00,980.315439,1303.859857,1044.659690,-64.344251
2024-12-19 00:45:00,960.252203,1306.063797,1023.884210,-63.632007
2024-12-19 01:00:00,942.166550,1314.977422,1008.107624,-65.941074
2024-12-19 01:15:00,923.641256,1317.181362,995.819898,-72.178642
2024-12-19 01:30:00,907.777743,1319.385301,978.776044,-70.998301
2024-12-19 01:45:00,896.024418,1321.589241,961.512129,-65.487711
2024-12-19 02:00:00,880.861739,1330.502866,947.132894,-66.271155
2024-12-19 02:15:00,870.629489,1332.706806,940.584886,-69.955396
2024-12-19 02:30:00,862.887272,1334.910745,921.187898,-58.300627
2024-12-19 02:45:00,852.813065,1337.114685,907.304464,-54.491399
2024-12-19 03:00:00,845.846686,1346.028310,898.555480,-52.708794
2024-12-19 03:15:00,839.381688,1348.232250,892.268650,-52.886962
2024-12-19 03:30:00,832.186245,1350.436189,886.982765,-54.796520
2024-12-19 03:45:00,828.451369,1352.640129,885.463331,-57.011962
2024-12-19 04:00:00,825.935210,1361.553754,884.978276,-59.043066
2024-12-19 04:15:00,825.452961,1363.757694,884.232987,-58.780027
2024-12-19 04:30:00,828.036500,1365.961633,884.420983,-56.384483
2024-12-19 04:45:00,832.517148,1368.165573,884.672882,-52.155734
2024-12-19 05:00:00,844.520174,1377.079198,888.411167,-43.890994
2024-12-19 05:15:00,861.369467,1379.283138,903.973505,-42.604038
2024-12-19 05:30:00,884.776173,1381.487077,932.775995,-47.999823
2024-12-19 05:45:00,915.714840,1383.691017,938.275806,-22.560966
2024-12-19 06:00:00,958.883072,1392.604642,1003.508515,-44.625443
2024-12-19 06:15:00,982.674965,1394.808582,1027.335627,-44.660662
2024-12-19 06:30:00,994.987718,1397.012521,1035.428850,-40.441131
2024-12-19 06:45:00,1007.430948,1399.216461,1037.637220,-30.206272
2024-12-19 07:00:00,1034.891795,1408.130086,1065.263797,-30.372002
2024-12-19 07:15:00,1073.173369,1410.334026,1097.914696,-24.741327
2024-12-19 07:30:00,1105.567982,1412.537965,1132.050472,-26.482490
2024-12-19 07:45:00,1135.248595,1414.741905,1149.734851,-14.486256
2024-12-19 08:00:00,1168.903232,1423.655530,1187.464795,-18.561563
2024-12-19 08:15:00,1204.819210,1425.859470,1223.500278,-18.681068
2024-12-19 08:30:00,1235.938589,1428.063409,1250.549024,-14.610435
2024-12-19 08:45:00,1266.779506,1430.267349,1293.651824,-26.872318
2024-12-19 09:00:00,1292.351513,1439.180974,1320.613370,-28.261857
2024-12-19 09:15:00,1327.243518,1441.384914,1360.940264,-33.696746
2024-12-19 09:30:00,1356.265724,1443.588854,1391.850915,-35.585191
2024-12-19 09:45:00,1376.524954,1445.792793,1414.664705,-38.139751
2024-12-19 10:00:00,1406.317390,1454.706418,1440.117816,-33.800426
2024-12-19 10:15:00,1433.291472,1456.910358,1463.399398,-30.107926
2024-12-19 10:30:00,1450.581674,1459.114298,1471.288368,-20.706694
2024-12-19 10:45:00,1459.571688,1461.318237,1471.947224,-12.375536
2024-12-19 11:00:00,1465.634732,1470.231862,1471.352225,-5.717493
2024-12-19 11:15:00,1469.317527,1472.435802,1471.745219,-2.427692
2024-12-19 11:30:00,1467.971018,1474.639742,1471.745219,-3.774201
2024-12-19 11:45:00,1461.272835,1476.843681,1471.576441,-10.303606
2024-12-19 12:00:00,1456.424576,1485.757306,1470.622424,-14.197848
2024-12-19 12:15:00,1444.673999,1487.961246,1464.936886,-20.262887
2024-12-19 12:30:00,1425.100877,1490.165186,1458.422026,-33.321149
2024-12-19 12:45:00,1412.741150,1492.369125,1449.112425,-36.371275
2024-12-19 13:00:00,1370.940177,1501.282751,1397.278877,-26.338700
2024-12-19 13:15:00,1361.218636,1503.486690,1397.278877,-36.060241
2024-12-19 13:30:00,1354.841367,1505.690630,1397.278877,-42.437510
2024-12-19 13:45:00,1354.072819,1507.894569,1397.278877,-43.206058
2024-12-19 14:00:00,1362.241764,1516.808195,1398.186767,-35.945003
2024-12-19 14:15:00,1369.421642,1519.012134,1399.424031,-30.002389
2024-12-19 14:30:00,1372.716746,1521.216074,1399.424031,-26.707285
2024-12-19 14:45:00,1374.301075,1523.420013,1399.424031,-25.122956
2024-12-19 15:00:00,1375.362064,1532.333639,1399.424031,-24.061967
2024-12-19 15:15:00,1371.638890,1534.537578,1399.424031,-27.785141
2024-12-19 15:30:00,1371.052926,1536.741518,1399.424031,-28.371105
2024-12-19 15:45:00,1367.024910,1538.945457,1399.424031,-32.399121
2024-12-19 16:00:00,1364.267428,1547.859083,1399.424031,-35.156603
2024-12-19 16:15:00,1362.452974,1550.063022,1399.424031,-36.971057
2024-12-19 16:30:00,1360.281200,1552.266962,1399.424031,-39.142831
2024-12-19 16:45:00,1355.245447,1554.470901,1399.424031,-44.178584
2024-12-19 17:00:00,1358.001748,1563.384527,1399.424031,-41.422283
2024-12-19 17:15:00,1360.952588,1565.588466,1399.424031,-38.471443
2024-12-19 17:30:00,1368.115521,1567.792406,1400.743885,-32.628364
2024-12-19 17:45:00,1389.964806,1569.996345,1413.230643,-23.265837
2024-12-19 18:00:00,1422.128534,1578.909971,1462.804193,-40.675659
2024-12-19 18:15:00,1445.903598,1581.113910,1468.633407,-22.729809
2024-12-19 18:30:00,1453.726698,1583.317850,1472.500036,-18.773338
2024-12-19 18:45:00,1447.981240,1585.521789,1472.839575,-24.858335
2024-12-19 19:00:00,1431.608704,1594.435415,1460.146715,-28.538011
2024-12-19 19:15:00,1418.751814,1596.639354,1440.744839,-21.993025
2024-12-19 19:30:00,1404.346532,1598.843294,1427.196192,-22.849660
2024-12-19 19:45:00,1382.667449,1601.047234,1417.904646,-35.237197
2024-12-19 20:00:00,1359.287532,1609.960859,1377.145579,-17.858047
2024-12-19 20:15:00,1340.815436,1612.164798,1359.848746,-19.033310
2024-12-19 20:30:00,1322.952030,1614.368738,1344.286453,-21.334423
2024-12-19 20:45:00,1302.240921,1616.572678,1316.815883,-14.574962
2024-12-19 21:00:00,1272.447775,1625.486303,1284.706319,-12.258544
2024-12-19 21:15:00,1250.351900,1627.690242,1271.182931,-20.831031
2024-12-19 21:30:00,1228.500939,1629.894182,1251.648638,-23.147699
2024-12-19 21:45:00,1209.315899,1632.098122,1234.064897,-24.748998
2024-12-19 22:00:00,1183.088573,1641.011747,1209.352147,-26.263574
2024-12-19 22:15:00,1166.460421,1643.215686,1189.066138,-22.605717
2024-12-19 22:30:00,1148.179989,1645.419626,1174.878782,-26.698793
2024-12-19 22:45:00,1130.802373,1647.623566,1163.782449,-32.980076
2024-12-19 23:00:00,1109.594730,1656.537191,1140.189238,-30.594508
2024-12-19 23:15:00,1090.036620,1658.741131,1123.459152,-33.422532
2024-12-19 23:30:00,1074.069071,1660.945070,1114.040436,-39.971365
2024-12-19 23:45:00,1055.016954,1663.149010,1112.180034,-57.163080
2024-12-20 00:00:00,1031.677982,1295.903521,1062.062382,-30.384400
2024-12-20 00:15:00,1015.430774,1298.107461,1059.889092,-44.458318
2024-12-20 00:30:00,996.907322,1300.311400,1043.575812,-46.668490
2024-12-20 00:45:00,979.274258,1302.515340,1022.726044,-43.451785
2024-12-20 01:00:00,962.233876,1311.428965,1007.256901,-45.023026
2024-12-20 01:15:00,945.451838,1313.632905,994.771983,-49.320145
2024-12-20 01:30:00,931.467468,1315.836844,977.983671,-46.516204
2024-12-20 01:45:00,917.964391,1318.040784,961.184863,-43.220472
2024-12-20 02:00:00,904.195513,1326.954409,946.988260,-42.792746
2024-12-20 02:15:00,891.904110,1329.158349,940.440251,-48.536141
2024-12-20 02:30:00,881.482636,1331.362288,920.778087,-39.295451
2024-12-20 02:45:00,873.241770,1333.566228,906.351188,-33.109419
2024-12-20 03:00:00,864.261740,1342.479853,897.128532,-32.866792
2024-12-20 03:15:00,856.931961,1344.683793,891.314370,-34.382409
2024-12-20 03:30:00,850.045522,1346.887732,885.868888,-35.823367
2024-12-20 03:45:00,847.022631,1349.091672,884.349454,-37.326823
2024-12-20 04:00:00,843.202746,1358.005297,883.864399,-40.661653
2024-12-20 04:15:00,842.713340,1360.209237,883.267157,-40.553817
2024-12-20 04:30:00,844.944026,1362.413176,883.377680,-38.433654
2024-12-20 04:45:00,849.460006,1364.617116,883.720130,-34.260125
2024-12-20 05:00:00,859.657043,1373.530741,887.458415,-27.801373
2024-12-20 05:15:00,875.886809,1375.734681,903.151956,-27.265147
2024-12-20 05:30:00,897.527635,1377.938620,931.614897,-34.087262
2024-12-20 05:45:00,926.560991,1380.142560,937.386124,-10.825133
2024-12-20 06:00:00,969.640941,1389.056185,1003.633636,-33.992695
2024-12-20 06:15:00,998.584552,1391.260125,1027.281609,-28.697057
2024-12-20 06:30:00,1011.074360,1393.464064,1035.549338,-24.474978
2024-12-20 06:45:00,1021.379532,1395.668004,1037.757708,-16.378176
2024-12-20 07:00:00,1045.641762,1404.581629,1065.392035,-19.750273
2024-12-20 07:15:00,1086.731151,1406.785569,1096.045512,-9.314361
2024-12-20 07:30:00,1129.101445,1408.989508,1130.970161,-1.868716
2024-12-20 07:45:00,1160.675648,1411.193448,1147.830916,12.844732
2024-12-20 08:00:00,1200.765416,1420.107073,1185.997753,14.767663
2024-12-20 08:15:00,1235.194734,1422.311013,1222.745014,12.449720
2024-12-20 08:30:00,1266.530593,1424.514952,1249.249186,17.281407
2024-12-20 08:45:00,1299.150012,1426.718892,1290.437817,8.712195
2024-12-20 09:00:00,1329.736426,1435.632517,1318.562261,11.174165
2024-12-20 09:15:00,1374.459364,1437.836457,1355.861093,18.598271
2024-12-20 09:30:00,1400.068827,1440.040396,1388.681757,11.387070
2024-12-20 09:45:00,1428.832793,1442.244336,1413.108129,15.724664
2024-12-20 10:00:00,1454.213977,1451.157961,1441.636571,12.577406
2024-12-20 10:15:00,1475.697169,1453.361901,1470.533189,5.163980
2024-12-20 10:30:00,1494.115440,1455.565841,1480.463737,13.651703
2024-12-20 10:45:00,1506.897155,1457.769780,1481.460417,25.436738
2024-12-20 11:00:00,1515.104441,1466.683405,1482.615015,32.489426
2024-12-20 11:15:00,1516.401522,1468.887345,1483.008009,33.393513
2024-12-20 11:30:00,1517.633791,1471.091285,1482.880380,34.753411
2024-12-20 11:45:00,1511.047506,1473.295224,1482.467802,28.579704
2024-12-20 12:00:00,1508.961294,1482.208849,1482.283788,26.677506
2024-12-20 12:15:00,1502.067963,1484.412789,1477.904434,24.163529
2024-12-20 12:30:00,1483.605007,1486.616729,1472.880394,10.724613
2024-12-20 12:45:00,1466.807480,1488.820668,1464.290464,2.517016
2024-12-20 13:00:00,1416.167260,1497.734293,1407.481471,8.685789
2024-12-20 13:15:00,1396.292489,1499.938233,1407.481471,-11.188982
2024-12-20 13:30:00,1382.279074,1502.142173,1407.481471,-25.202397
2024-12-20 13:45:00,1376.744841,1504.346112,1407.481471,-30.736630
2024-12-20 14:00:00,1382.928685,1513.259738,1408.389361,-25.460676
2024-12-20 14:15:00,1380.721946,1515.463677,1409.332584,-28.610638
2024-12-20 14:30:00,1383.284981,1517.667617,1409.332584,-26.047603
2024-12-20 14:45:00,1382.741694,1519.871556,1409.332584,-26.590890
2024-12-20 15:00:00,1379.301316,1528.785182,1409.332584,-30.031268
2024-12-20 15:15:00,1374.984988,1530.989121,1409.332584,-34.347596
2024-12-20 15:30:00,1369.634018,1533.193061,1409.332584,-39.698566
2024-12-20 15:45:00,1367.663133,1535.397000,1409.332584,-41.669451
2024-12-20 16:00:00,1363.166916,1544.310626,1409.265276,-46.098360
2024-12-20 16:15:00,1359.772360,1546.514565,1409.265276,-49.492916
2024-12-20 16:30:00,1358.747476,1548.718505,1409.265276,-50.517800
2024-12-20 16:45:00,1355.109050,1550.922444,1409.265276,-54.156226
2024-12-20 17:00:00,1358.069964,1559.836070,1409.265276,-51.195312
2024-12-20 17:15:00,1360.977362,1562.040009,1409.265276,-48.287914
2024-12-20 17:30:00,1362.392475,1564.243949,1410.313674,-47.921199
2024-12-20 17:45:00,1377.134412,1566.447888,1419.947944,-42.813532
2024-12-20 18:00:00,1406.024870,1575.361514,1462.952812,-56.927942
2024-12-20 18:15:00,1430.971583,1577.565453,1468.633407,-37.661824
2024-12-20 18:30:00,1436.597318,1579.769393,1472.500036,-35.902718
2024-12-20 18:45:00,1430.334667,1581.973332,1472.839575,-42.504908
2024-12-20 19:00:00,1416.574066,1590.886958,1460.216986,-43.642920
2024-12-20 19:15:00,1400.498748,1593.090897,1440.716122,-40.217374
2024-12-20 19:30:00,1383.766212,1595.294837,1427.159758,-43.393546
2024-12-20 19:45:00,1364.961005,1597.498777,1418.360832,-53.399827
2024-12-20 20:00:00,1339.699298,1606.412402,1375.828579,-36.129281
2024-12-20 20:15:00,1322.783200,1608.616341,1359.296590,-36.513390
2024-12-20 20:30:00,1306.318569,1610.820281,1344.535364,-38.216795
2024-12-20 20:45:00,1284.937195,1613.024221,1316.722859,-31.785664
2024-12-20 21:00:00,1256.818721,1621.937846,1282.882939,-26.064218
2024-12-20 21:15:00,1237.060665,1624.141785,1267.893340,-30.832675
2024-12-20 21:30:00,1207.082013,1626.345725,1247.361410,-40.279397
2024-12-20 21:45:00,1184.538905,1628.549665,1231.459595,-46.920690
2024-12-20 22:00:00,1159.768124,1637.463290,1205.634176,-45.866052
2024-12-20 22:15:00,1138.371769,1639.667229,1184.771858,-46.400089
2024-12-20 22:30:00,1121.834284,1641.871169,1170.660190,-48.825906
2024-12-20 22:45:00,1103.588063,1644.075109,1160.377013,-56.788950
2024-12-20 23:00:00,1081.074098,1652.988734,1137.098809,-56.024711
2024-12-20 23:15:00,1060.881695,1655.192674,1121.055584,-60.173889
2024-12-20 23:30:00,1042.355568,1657.396613,1110.872367,-68.516799
2024-12-20 23:45:00,1023.738421,1659.600553,1109.105668,-85.367247
2024-12-21 00:00:00,1000.084135,1207.157980,1059.596831,-59.512696
2024-12-21 00:15:00,981.536642,1209.361920,1057.143854,-75.607212
2024-12-21 00:30:00,961.264294,1211.565860,1039.449704,-78.185410
2024-12-21 00:45:00,948.710734,1213.769799,1018.783197,-70.072463
2024-12-21 01:00:00,931.857176,1222.683425,1003.869954,-72.012778
2024-12-21 01:15:00,916.976880,1224.887364,990.857078,-73.880198
2024-12-21 01:30:00,902.231767,1227.091304,974.750318,-72.518550
2024-12-21 01:45:00,890.465992,1229.295243,958.891067,-68.425075
2024-12-21 02:00:00,878.861328,1238.208869,945.005539,-66.144212
2024-12-21 02:15:00,867.720422,1240.412808,938.326383,-70.605961
2024-12-21 02:30:00,857.825747,1242.616748,918.323403,-60.497657
2024-12-21 02:45:00,848.611165,1244.820687,901.466128,-52.854963
2024-12-21 03:00:00,839.636566,1253.734313,890.923449,-51.286883
2024-12-21 03:15:00,835.882735,1255.938252,884.064296,-48.181561
2024-12-21 03:30:00,831.280814,1258.142192,877.162208,-45.881394
2024-12-21 03:45:00,825.400428,1260.346131,876.162559,-50.762132
2024-12-21 04:00:00,825.495847,1269.259757,875.942795,-50.446948
2024-12-21 04:15:00,826.894831,1271.463696,875.131045,-48.236214
2024-12-21 04:30:00,828.405488,1273.667636,875.295812,-46.890325
2024-12-21 04:45:00,834.122608,1275.871575,875.744319,-41.621711
2024-12-21 05:00:00,840.340023,1284.785201,879.608804,-39.268781
2024-12-21 05:15:00,852.538996,1286.989140,897.923511,-45.384515
2024-12-21 05:30:00,867.079506,1289.193080,929.079072,-61.999566
2024-12-21 05:45:00,884.638195,1291.397019,935.033103,-50.394908
2024-12-21 06:00:00,915.032278,1300.310645,968.553521,-53.521243
2024-12-21 06:15:00,933.843392,1302.514584,972.711965,-38.868573
2024-12-21 06:30:00,943.776860,1304.718524,976.186729,-32.409868
2024-12-21 06:45:00,950.822545,1306.922464,977.255165,-26.432620
2024-12-21 07:00:00,972.466920,1315.836089,992.151290,-19.684370
2024-12-21 07:15:00,999.794886,1318.040028,1017.813994,-18.019108
2024-12-21 07:30:00,1029.941292,1320.243968,1052.867846,-22.926554
2024-12-21 07:45:00,1055.767134,1322.447908,1062.883417,-7.116283
2024-12-21 08:00:00,1089.994854,1331.361533,1100.515742,-10.520888
2024-12-21 08:15:00,1129.947909,1333.565472,1132.453856,-2.505947
2024-12-21 08:30:00,1165.556951,1335.769412,1155.329643,10.227308
2024-12-21 08:45:00,1198.945759,1337.973352,1230.148357,-31.202598
2024-12-21 09:00:00,1232.887317,1346.886977,1242.929781,-10.042464
2024-12-21 09:15:00,1277.490199,1349.090916,1269.677838,7.812361
2024-12-21 09:30:00,1309.535870,1351.294856,1322.967442,-13.431572
2024-12-21 09:45:00,1339.055758,1353.498796,1348.454897,-9.399139
2024-12-21 10:00:00,1367.604122,1362.412421,1362.729944,4.874178
2024-12-21 10:15:00,1409.079404,1364.616361,1388.246501,20.832903
2024-12-21 10:30:00,1427.697185,1366.820300,1395.725342,31.971843
2024-12-21 10:45:00,1437.364559,1369.024240,1396.271342,41.093217
2024-12-21 11:00:00,1444.703898,1377.937865,1399.828003,44.875895
2024-12-21 11:15:00,1449.189359,1380.141805,1401.110548,48.078811
2024-12-21 11:30:00,1449.873286,1382.345744,1400.695977,49.177309
2024-12-21 11:45:00,1445.331284,1384.549684,1400.927802,44.403482
2024-12-21 12:00:00,1438.779551,1393.463309,1400.251141,38.528410
2024-12-21 12:15:00,1429.444305,1395.667249,1398.747610,30.696695
2024-12-21 12:30:00,1411.738582,1397.871188,1397.603640,14.134942
2024-12-21 12:45:00,1393.971126,1400.075128,1392.483837,1.487289
2024-12-21 13:00:00,1342.381189,1408.988753,1344.015513,-1.634324
2024-12-21 13:15:00,1323.119252,1411.192693,1342.608674,-19.489422
2024-12-21 13:30:00,1313.980326,1413.396632,1342.196125,-28.215799
2024-12-21 13:45:00,1312.736571,1415.600572,1342.196125,-29.459554
2024-12-21 14:00:00,1321.690906,1424.514197,1342.608674,-20.917768
2024-12-21 14:15:00,1323.045157,1426.718137,1342.701715,-19.656558
2024-12-21 14:30:00,1324.736034,1428.922076,1342.863730,-18.127696
2024-12-21 14:45:00,1321.716895,1431.126016,1343.385218,-21.668323
2024-12-21 15:00:00,1319.690014,1440.039641,1344.352924,-24.662910
2024-12-21 15:15:00,1316.224416,1442.243581,1344.256376,-28.031960
2024-12-21 15:30:00,1309.791005,1444.447520,1343.171321,-33.380316
2024-12-21 15:45:00,1302.475688,1446.651460,1341.954628,-39.478940
2024-12-21 16:00:00,1305.274622,1455.565085,1341.072657,-35.798035
2024-12-21 16:15:00,1302.178563,1457.769025,1339.768464,-37.589901
2024-12-21 16:30:00,1303.645396,1459.972964,1339.255383,-35.609987
2024-12-21 16:45:00,1297.400136,1462.176904,1339.318830,-41.918694
2024-12-21 17:00:00,1304.282870,1471.090529,1339.749996,-35.467126
2024-12-21 17:15:00,1308.681917,1473.294469,1339.749996,-31.068079
2024-12-21 17:30:00,1315.167717,1475.498408,1339.318830,-24.151113
2024-12-21 17:45:00,1331.795878,1477.702348,1344.573911,-12.778033
2024-12-21 18:00:00,1361.557986,1486.615973,1394.745211,-33.187225
2024-12-21 18:15:00,1393.978162,1488.819913,1399.803553,-5.825391
2024-12-21 18:30:00,1404.534416,1491.023852,1405.416414,-0.881998
2024-12-21 18:45:00,1398.204744,1493.227792,1405.004588,-6.799844
2024-12-21 19:00:00,1385.718165,1502.141417,1395.803430,-10.085265
2024-12-21 19:15:00,1369.805556,1504.345357,1385.675500,-15.869944
2024-12-21 19:30:00,1354.793705,1506.549296,1375.828588,-21.034883
2024-12-21 19:45:00,1339.376614,1508.753236,1367.687093,-28.310479
2024-12-21 20:00:00,1317.791429,1517.666861,1349.109414,-31.317985
2024-12-21 20:15:00,1304.078541,1519.870801,1336.473396,-32.394855
2024-12-21 20:30:00,1286.584453,1522.074741,1325.681941,-39.097488
2024-12-21 20:45:00,1265.269476,1524.278680,1307.722180,-42.452704
2024-12-21 21:00:00,1235.080725,1533.192305,1270.884917,-35.804192
2024-12-21 21:15:00,1219.061055,1535.396245,1256.474046,-37.412991
2024-12-21 21:30:00,1200.577843,1537.600185,1235.474895,-34.897052
2024-12-21 21:45:00,1180.851389,1539.804124,1222.518839,-41.667450
2024-12-21 22:00:00,1152.916286,1548.717749,1197.181869,-44.265583
2024-12-21 22:15:00,1126.216742,1550.921689,1174.878572,-48.661830
2024-12-21 22:30:00,1111.474150,1553.125629,1161.802039,-50.327889
2024-12-21 22:45:00,1095.664065,1555.329568,1151.763669,-56.099604
2024-12-21 23:00:00,1079.310078,1564.243193,1129.760045,-50.449967
2024-12-21 23:15:00,1065.609498,1566.447133,1115.609585,-50.000087
2024-12-21 23:30:00,1050.507393,1568.651073,1106.938078,-56.430685
2024-12-21 23:45:00,1036.386216,1570.855012,1105.577346,-69.191130
2024-12-22 00:00:00,1009.940606,1203.609523,1060.083623,-50.143017
2024-12-22 00:15:00,995.460852,1205.813463,1057.766544,-62.305691
2024-12-22 00:30:00,980.648351,1208.017403,1039.449704,-58.801352
2024-12-22 00:45:00,966.331211,1210.221342,1018.783197,-52.451986
2024-12-22 01:00:00,952.010164,1219.134968,1003.869954,-51.859790
2024-12-22 01:15:00,933.332051,1221.338907,990.857078,-57.525027
2024-12-22 01:30:00,920.325982,1223.542847,974.750318,-54.424336
2024-12-22 01:45:00,910.398231,1225.746786,958.891067,-48.492836
2024-12-22 02:00:00,901.078024,1234.660412,945.005539,-43.927515
2024-12-22 02:15:00,889.930578,1236.864351,938.326383,-48.395805
2024-12-22 02:30:00,880.114370,1239.068291,917.212216,-37.097847
2024-12-22 02:45:00,870.839895,1241.272230,899.183024,-28.343129
2024-12-22 03:00:00,861.386083,1250.185856,887.611994,-26.225911
2024-12-22 03:15:00,852.387550,1252.389795,880.854681,-28.467131
2024-12-22 03:30:00,847.992213,1254.593735,874.519915,-26.527702
2024-12-22 03:45:00,842.728751,1256.797674,873.520267,-30.791516
2024-12-22 04:00:00,840.307988,1265.711300,873.300502,-32.992514
2024-12-22 04:15:00,839.336268,1267.915239,872.614318,-33.278049
2024-12-22 04:30:00,838.955118,1270.119179,872.779084,-33.823966
2024-12-22 04:45:00,838.072399,1272.323118,873.227591,-35.155192
2024-12-22 05:00:00,843.061607,1281.236744,877.014477,-33.952870
2024-12-22 05:15:00,848.770400,1283.440683,895.769350,-46.998950
2024-12-22 05:30:00,853.615857,1285.644623,927.606331,-73.990474
2024-12-22 05:45:00,860.428186,1287.848562,934.180906,-73.752720
2024-12-22 06:00:00,876.225723,1296.762188,945.141939,-68.916217
2024-12-22 06:15:00,885.994726,1298.966127,943.841046,-57.846320
2024-12-22 06:30:00,892.892794,1301.170067,945.740388,-52.847594
2024-12-22 06:45:00,899.129979,1303.374007,946.074060,-46.944081
2024-12-22 07:00:00,907.246598,1312.287632,947.365251,-40.118653
2024-12-22 07:15:00,925.334235,1314.491571,959.864404,-34.530169
2024-12-22 07:30:00,944.194908,1316.695511,978.383878,-34.188970
2024-12-22 07:45:00,964.486048,1318.899451,985.695505,-21.209457
2024-12-22 08:00:00,994.580518,1327.813076,1002.442920,-7.862403
2024-12-22 08:15:00,1018.274120,1330.017015,1022.747728,-4.473608
2024-12-22 08:30:00,1041.922603,1332.220955,1038.873009,3.049594
2024-12-22 08:45:00,1068.875449,1334.424895,1081.546603,-12.671154
2024-12-22 09:00:00,1093.521524,1343.338520,1082.021854,11.499670
2024-12-22 09:15:00,1127.762739,1345.542459,1106.444475,21.318264
2024-12-22 09:30:00,1149.928039,1347.746399,1117.924981,32.003058
2024-12-22 09:45:00,1171.331419,1349.950339,1125.763423,45.567996
2024-12-22 10:00:00,1195.781903,1358.863964,1175.681387,20.100516
2024-12-22 10:15:00,1217.078151,1361.067903,1184.953092,32.125059
2024-12-22 10:30:00,1238.984110,1363.271843,1202.803517,36.180593
2024-12-22 10:45:00,1256.597304,1365.475783,1206.688585,49.908719
2024-12-22 11:00:00,1265.568012,1374.389408,1215.709404,49.858608
2024-12-22 11:15:00,1268.809834,1376.593348,1218.275643,50.534191
2024-12-22 11:30:00,1274.066584,1378.797287,1220.226025,53.840559
2024-12-22 11:45:00,1271.545017,1381.001227,1220.174402,51.370615
2024-12-22 12:00:00,1269.404670,1389.914852,1219.448078,49.956592
2024-12-22 12:15:00,1262.356750,1392.118792,1218.864888,43.491862
2024-12-22 12:30:00,1252.622903,1394.322731,1216.325899,36.297004
2024-12-22 12:45:00,1244.003412,1396.526671,1213.787034,30.216378
2024-12-22 13:00:00,1213.541521,1405.440296,1203.848435,9.693086
2024-12-22 13:15:00,1194.884659,1407.644236,1189.783524,5.101135
2024-12-22 13:30:00,1181.344961,1409.848175,1178.676511,2.668450
2024-12-22 13:45:00,1168.458677,1412.052115,1174.557219,-6.098542
2024-12-22 14:00:00,1159.860396,1420.965740,1165.270957,-5.410561
2024-12-22 14:15:00,1148.947800,1423.169680,1161.005135,-12.057335
2024-12-22 14:30:00,1146.349047,1425.373619,1159.050719,-12.701672
2024-12-22 14:45:00,1136.253469,1427.577559,1155.253624,-19.000155
2024-12-22 15:00:00,1130.326578,1436.491184,1151.527152,-21.200574
2024-12-22 15:15:00,1123.290896,1438.695124,1145.767852,-22.476956
2024-12-22 15:30:00,1113.658210,1440.899063,1134.111182,-20.452972
2024-12-22 15:45:00,1105.067529,1443.103003,1129.941216,-24.873687
2024-12-22 16:00:00,1098.167524,1452.016628,1125.218412,-27.050888
2024-12-22 16:15:00,1086.157082,1454.220568,1123.239610,-37.082528
2024-12-22 16:30:00,1080.211379,1456.424507,1121.335761,-41.124382
2024-12-22 16:45:00,1080.473411,1458.628447,1121.429979,-40.956568
2024-12-22 17:00:00,1083.764147,1467.542072,1124.037627,-40.273480
2024-12-22 17:15:00,1093.193150,1469.746012,1127.955776,-34.762626
2024-12-22 17:30:00,1104.733094,1471.949951,1132.553064,-27.819970
2024-12-22 17:45:00,1131.282697,1474.153891,1134.389351,-3.106654
2024-12-22 18:00:00,1171.359638,1483.067516,1189.007287,-17.647649
2024-12-22 18:15:00,1206.122898,1485.271456,1228.069776,-21.946878
2024-12-22 18:30:00,1220.444887,1487.475395,1230.737773,-10.292886
2024-12-22 18:45:00,1223.936825,1489.679335,1232.235934,-8.299109
2024-12-22 19:00:00,1221.800924,1498.592960,1233.553771,-11.752847
2024-12-22 19:15:00,1217.660866,1500.796900,1233.063707,-15.402841
2024-12-22 19:30:00,1210.413879,1503.000839,1230.324761,-19.910882
2024-12-22 19:45:00,1203.721674,1505.204779,1226.007488,-22.285814
2024-12-22 20:00:00,1199.102214,1514.118404,1219.463939,-20.361725
2024-12-22 20:15:00,1194.149316,1516.322344,1215.025289,-20.875973
2024-12-22 20:30:00,1187.725771,1518.526284,1210.982492,-23.256721
2024-12-22 20:45:00,1178.020560,1520.730223,1205.957291,-27.936731
2024-12-22 21:00:00,1169.463611,1529.643848,1191.057716,-21.594105
2024-12-22 21:15:00,1158.932332,1531.847788,1182.193208,-23.260876
2024-12-22 21:30:00,1147.140855,1534.051728,1175.774405,-28.633550
2024-12-22 21:45:00,1136.242096,1536.255667,1169.273874,-33.031778
2024-12-22 22:00:00,1117.678267,1545.169292,1144.359219,-26.680952
2024-12-22 22:15:00,1105.286729,1547.373232,1129.396146,-24.109417
2024-12-22 22:30:00,1093.108093,1549.577172,1121.486651,-28.378558
2024-12-22 22:45:00,1079.867268,1551.781111,1113.825601,-33.958333
2024-12-22 23:00:00,1063.168558,1560.694736,1099.518687,-36.350129
2024-12-22 23:15:00,1049.101037,1562.898676,1092.155519,-43.054482
2024-12-22 23:30:00,1032.913722,1565.102616,1090.591676,-57.677954
2024-12-22 23:45:00,1020.164322,1567.306555,1090.685020,-70.520698
2024-12-23 00:00:00,1001.913656,1304.764500,1048.483700,-46.570044
2024-12-23 00:15:00,987.112047,1306.968439,1046.858925,-59.746878
2024-12-23 00:30:00,969.985451,1309.172379,1033.140036,-63.154585
2024-12-23 00:45:00,951.892193,1311.376319,1011.662222,-59.770029
2024-12-23 01:00:00,938.370378,1320.289944,998.125858,-59.755480
2024-12-23 01:15:00,923.954219,1322.493883,986.084288,-62.130070
2024-12-23 01:30:00,911.116609,1324.697823,965.261467,-54.144858
2024-12-23 01:45:00,900.039206,1326.901763,944.495695,-44.456489
2024-12-23 02:00:00,887.566380,1335.815388,929.918548,-42.352168
2024-12-23 02:15:00,876.740549,1338.019327,924.708196,-47.967647
2024-12-23 02:30:00,865.259453,1340.223267,906.737070,-41.477618
2024-12-23 02:45:00,856.080678,1342.427207,888.927995,-32.847317
2024-12-23 03:00:00,849.348139,1351.340832,882.909929,-33.561790
2024-12-23 03:15:00,843.637929,1353.544771,879.172452,-35.534524
2024-12-23 03:30:00,837.837660,1355.748711,874.494286,-36.656626
2024-12-23 03:45:00,834.375614,1357.952651,873.580875,-39.205262
2024-12-23 04:00:00,833.746016,1366.866276,873.390262,-39.644246
2024-12-23 04:15:00,835.844502,1369.070216,872.644973,-36.800471
2024-12-23 04:30:00,837.771348,1371.274155,873.217441,-35.446093
2024-12-23 04:45:00,842.621976,1373.478095,873.790491,-31.168515
2024-12-23 05:00:00,851.739427,1382.391720,877.700513,-25.961086
2024-12-23 05:15:00,865.601182,1384.595660,890.569225,-24.968043
2024-12-23 05:30:00,883.206299,1386.799599,915.015363,-31.809063
2024-12-23 05:45:00,902.723164,1389.003539,921.533377,-18.810213
2024-12-23 06:00:00,936.482934,1397.917164,972.244416,-35.761481
2024-12-23 06:15:00,963.943614,1400.121104,982.470343,-18.526730
2024-12-23 06:30:00,978.242276,1402.325043,987.205543,-8.963267
2024-12-23 06:45:00,991.752515,1404.528983,989.250063,2.502452
2024-12-23 07:00:00,1023.584207,1413.442608,1006.355827,17.228380
2024-12-23 07:15:00,1063.708463,1415.646548,1043.496604,20.211859
2024-12-23 07:30:00,1108.770015,1417.850487,1084.258331,24.511684
2024-12-23 07:45:00,1145.579785,1420.054427,1096.033702,49.546083
2024-12-23 08:00:00,1187.620007,1428.968052,1139.505461,48.114546
2024-12-23 08:15:00,1223.627417,1431.171992,1186.466361,37.161056
2024-12-23 08:30:00,1262.137342,1433.375931,1209.080618,53.056724
2024-12-23 08:45:00,1293.691000,1435.579871,1255.367903,38.323097
2024-12-23 09:00:00,1328.479395,1444.493496,1274.403010,54.076385
2024-12-23 09:15:00,1373.309699,1446.697436,1306.091650,67.218049
2024-12-23 09:30:00,1401.851137,1448.901375,1339.086165,62.764972
2024-12-23 09:45:00,1427.968829,1451.105315,1361.841914,66.126915
2024-12-23 10:00:00,1449.807057,1460.018940,1382.045565,67.761492
2024-12-23 10:15:00,1477.617584,1462.222880,1378.568227,99.049357
2024-12-23 10:30:00,1489.225110,1464.426819,1377.266731,111.958379
2024-12-23 10:45:00,1501.867115,1466.630759,1378.148006,123.719109
2024-12-23 11:00:00,1508.551018,1475.544384,1380.516245,128.034773
2024-12-23 11:15:00,1513.356488,1477.748324,1380.950966,132.405522
2024-12-23 11:30:00,1510.405882,1479.952263,1380.746520,129.659362
2024-12-23 11:45:00,1503.944292,1482.156203,1381.012418,122.931874
2024-12-23 12:00:00,1494.591301,1491.069828,1381.569400,113.021901
2024-12-23 12:15:00,1478.256294,1493.273768,1380.716737,97.539557
2024-12-23 12:30:00,1459.623509,1495.477707,1378.777237,80.846272
2024-12-23 12:45:00,1440.674464,1497.681647,1374.445183,66.229281
2024-12-23 13:00:00,1391.635341,1506.595272,1316.845463,74.789878
2024-12-23 13:15:00,1371.630364,1508.799212,1315.065304,56.565060
2024-12-23 13:30:00,1363.034974,1511.003152,1314.014292,49.020682
2024-12-23 13:45:00,1361.248290,1513.207091,1314.014292,47.233998
2024-12-23 14:00:00,1370.394006,1522.120716,1314.580001,55.814005
2024-12-23 14:15:00,1366.980462,1524.324656,1314.795657,52.184805
2024-12-23 14:30:00,1365.338102,1526.528596,1314.695180,50.642922
2024-12-23 14:45:00,1364.023032,1528.732535,1314.669071,49.353961
2024-12-23 15:00:00,1364.191598,1537.646160,1315.443189,48.748409
2024-12-23 15:15:00,1361.009357,1539.850100,1315.114426,45.894931
2024-12-23 15:30:00,1357.298872,1542.054040,1313.808664,43.490208
2024-12-23 15:45:00,1349.946060,1544.257979,1313.358239,36.587821
2024-12-23 16:00:00,1347.468336,1553.171604,1313.607703,33.860633
2024-12-23 16:15:00,1340.613159,1555.375544,1313.036080,27.577079
2024-12-23 16:30:00,1340.836064,1557.579484,1312.601985,28.234079
2024-12-23 16:45:00,1337.570412,1559.783423,1312.601985,24.968427
2024-12-23 17:00:00,1339.935438,1568.697049,1314.156784,25.778654
2024-12-23 17:15:00,1343.685706,1570.900988,1315.732215,27.953491
2024-12-23 17:30:00,1345.435324,1573.104928,1317.682169,27.753155
2024-12-23 17:45:00,1361.637023,1575.308867,1326.393741,35.243282
2024-12-23 18:00:00,1386.178216,1584.222493,1368.111420,18.066796
2024-12-23 18:15:00,1404.140432,1586.426432,1374.106943,30.033489
2024-12-23 18:30:00,1407.192268,1588.630372,1374.990272,32.201996
2024-12-23 18:45:00,1399.895648,1590.834311,1374.990272,24.905376
2024-12-23 19:00:00,1382.187063,1599.747937,1373.865047,8.322016
2024-12-23 19:15:00,1365.828371,1601.951876,1368.936240,-3.107869
2024-12-23 19:30:00,1345.928299,1604.155816,1364.153358,-18.225059
2024-12-23 19:45:00,1327.040992,1606.359755,1361.065643,-34.024651
2024-12-23 20:00:00,1298.435512,1615.273381,1343.522915,-45.087403
2024-12-23 20:15:00,1278.047442,1617.477320,1330.408414,-52.360972
2024-12-23 20:30:00,1259.103038,1619.681260,1319.910432,-60.807394
2024-12-23 20:45:00,1239.333894,1621.885199,1301.054471,-61.720577
2024-12-23 21:00:00,1214.485567,1630.798825,1271.964917,-57.479350
2024-12-23 21:15:00,1198.836264,1633.002764,1256.601005,-57.764741
2024-12-23 21:30:00,1175.699424,1635.206704,1237.742531,-62.043107
2024-12-23 21:45:00,1154.520664,1637.410643,1222.432770,-67.912106
2024-12-23 22:00:00,1125.519143,1646.324269,1201.283370,-75.764227
2024-12-23 22:15:00,1103.401430,1648.528208,1178.189304,-74.787874
2024-12-23 22:30:00,1086.142757,1650.732148,1166.194524,-80.051767
2024-12-23 22:45:00,1069.096650,1652.936088,1157.411706,-88.315056
2024-12-23 23:00:00,1046.834668,1661.849713,1133.781416,-86.946748
2024-12-23 23:15:00,1028.818602,1664.053652,1117.608651,-88.790049
2024-12-23 23:30:00,1011.577592,1666.257592,1107.603700,-96.026108
2024-12-23 23:45:00,995.158651,1668.461532,1105.981060,-110.822409
2024-12-24 00:00:00,973.885190,1301.216043,1048.483700,-74.598510
2024-12-24 00:15:00,957.746237,1303.419982,1046.858925,-89.112688
2024-12-24 00:30:00,942.636870,1305.623922,1033.140036,-90.503166
2024-12-24 00:45:00,926.524183,1307.827862,1011.662222,-85.138039
2024-12-24 01:00:00,912.192540,1316.741487,998.125858,-85.933318
2024-12-24 01:15:00,899.025159,1318.945426,986.084288,-87.059130
2024-12-24 01:30:00,885.527607,1321.149366,965.261467,-79.733860
2024-12-24 01:45:00,872.013476,1323.353306,944.495695,-72.482219
2024-12-24 02:00:00,860.962160,1332.266931,929.918548,-68.956388
2024-12-24 02:15:00,847.608934,1334.470870,924.708196,-77.099262
2024-12-24 02:30:00,840.040002,1336.674810,906.737070,-66.697068
2024-12-24 02:45:00,832.237315,1338.878750,888.316001,-56.078686
2024-12-24 03:00:00,826.060814,1347.792375,882.297935,-56.237121
2024-12-24 03:15:00,819.429505,1349.996314,878.560458,-59.130953
2024-12-24 03:30:00,813.687620,1352.200254,873.882291,-60.194671
2024-12-24 03:45:00,809.302851,1354.404194,872.968881,-63.666030
2024-12-24 04:00:00,809.346690,1363.317819,872.778267,-63.431577
2024-12-24 04:15:00,809.150377,1365.521759,872.193133,-63.042756
2024-12-24 04:30:00,811.432972,1367.725698,872.765600,-61.332628
2024-12-24 04:45:00,815.227804,1369.929638,873.636832,-58.409028
2024-12-24 05:00:00,825.767952,1378.843263,877.546853,-51.778901
2024-12-24 05:15:00,836.164886,1381.047203,890.415565,-54.250679
2024-12-24 05:30:00,850.198340,1383.251142,914.704466,-64.506126
2024-12-24 05:45:00,869.202401,1385.455082,921.181864,-51.979463
2024-12-24 06:00:00,901.288426,1394.368707,957.698604,-56.410178
2024-12-24 06:15:00,925.905648,1396.572647,961.867748,-35.962100
2024-12-24 06:30:00,943.846098,1398.776586,965.047258,-21.201161
2024-12-24 06:45:00,960.727743,1400.980526,968.259819,-7.532076
2024-12-24 07:00:00,987.951151,1409.894151,982.526716,5.424435
2024-12-24 07:15:00,1026.477367,1412.098091,1026.312753,0.164614
2024-12-24 07:30:00,1068.178897,1414.302030,1076.130910,-7.952013
2024-12-24 07:45:00,1101.140273,1416.505970,1085.001352,16.138921
2024-12-24 08:00:00,1143.319338,1425.419595,1133.911490,9.407848
2024-12-24 08:15:00,1187.941192,1427.623535,1183.526536,4.414656
2024-12-24 08:30:00,1222.128379,1429.827474,1205.042303,17.086076
2024-12-24 08:45:00,1254.263284,1432.031414,1258.637469,-4.374185
2024-12-24 09:00:00,1285.318631,1440.945039,1285.236343,0.082288
2024-12-24 09:15:00,1328.654827,1443.148979,1322.723868,5.930959
2024-12-24 09:30:00,1352.071117,1445.352918,1359.467323,-7.396206
2024-12-24 09:45:00,1376.433659,1447.556858,1386.074191,-9.640532
2024-12-24 10:00:00,1404.353680,1456.470483,1424.516199,-20.162519
2024-12-24 10:15:00,1425.994110,1458.674423,1458.920858,-32.926748
2024-12-24 10:30:00,1441.556161,1460.878362,1471.841347,-30.285186
2024-12-24 10:45:00,1448.676680,1463.082302,1473.456206,-24.779526
2024-12-24 11:00:00,1452.460072,1471.995927,1476.840608,-24.380536
2024-12-24 11:15:00,1456.465958,1474.199867,1476.840608,-20.374650
2024-12-24 11:30:00,1452.402656,1476.403806,1476.429738,-24.027082
2024-12-24 11:45:00,1451.227523,1478.607746,1476.429738,-25.202215
2024-12-24 12:00:00,1447.003536,1487.521371,1476.840608,-29.837072
2024-12-24 12:15:00,1436.940140,1489.725311,1475.297887,-38.357747
2024-12-24 12:30:00,1415.061714,1491.929250,1470.248764,-55.187050
2024-12-24 12:45:00,1390.610363,1494.133190,1458.705427,-68.095064
2024-12-24 13:00:00,1342.538187,1503.046815,1393.931815,-51.393628
2024-12-24 13:15:00,1324.676836,1505.250755,1391.766839,-67.090003
2024-12-24 13:30:00,1314.937042,1507.454695,1390.598634,-75.661592
2024-12-24 13:45:00,1315.670826,1509.658634,1390.643227,-74.972401
2024-12-24 14:00:00,1323.397891,1518.572259,1391.556293,-68.158402
2024-12-24 14:15:00,1327.490600,1520.776199,1394.541915,-67.051315
2024-12-24 14:30:00,1328.978876,1522.980139,1395.724794,-66.745918
2024-12-24 14:45:00,1328.435166,1525.184078,1395.724794,-67.289628
2024-12-24 15:00:00,1331.063726,1534.097703,1395.889828,-64.826102
2024-12-24 15:15:00,1328.868344,1536.301643,1395.640352,-66.772008
2024-12-24 15:30:00,1327.172239,1538.505583,1395.653637,-68.481398
2024-12-24 15:45:00,1320.410717,1540.709522,1395.543468,-75.132751
2024-12-24 16:00:00,1317.437494,1549.623147,1395.541207,-78.103713
2024-12-24 16:15:00,1310.294306,1551.827087,1395.041294,-84.746988
2024-12-24 16:30:00,1310.026641,1554.031027,1394.386859,-84.360218
2024-12-24 16:45:00,1309.665480,1556.234966,1394.005612,-84.340132
2024-12-24 17:00:00,1313.359199,1565.148591,1394.128410,-80.769211
2024-12-24 17:15:00,1315.855308,1567.352531,1393.927892,-78.072584
2024-12-24 17:30:00,1322.868442,1569.556471,1395.083261,-72.214819
2024-12-24 17:45:00,1341.237784,1571.760410,1402.927090,-61.689306
2024-12-24 18:00:00,1366.617974,1580.674036,1440.600364,-73.982390
2024-12-24 18:15:00,1387.585961,1582.877975,1448.186895,-60.600934
2024-12-24 18:30:00,1395.260121,1585.081915,1451.326539,-56.066418
2024-12-24 18:45:00,1389.911261,1587.285854,1451.666078,-61.754817
2024-12-24 19:00:00,1374.353882,1596.199480,1441.087625,-66.733743
2024-12-24 19:15:00,1359.697306,1598.403419,1421.522618,-61.825312
2024-12-24 19:30:00,1343.457550,1600.607359,1408.982235,-65.524685
2024-12-24 19:45:00,1323.115084,1602.811298,1402.010703,-78.895619
2024-12-24 20:00:00,1299.842812,1611.724924,1367.236425,-67.393613
2024-12-24 20:15:00,1280.440894,1613.928863,1353.721687,-73.280793
2024-12-24 20:30:00,1262.320167,1616.132803,1336.623353,-74.303186
2024-12-24 20:45:00,1236.166956,1618.336742,1312.626103,-76.459147
2024-12-24 21:00:00,1205.050376,1627.250368,1278.800420,-73.750044
2024-12-24 21:15:00,1183.115302,1629.454307,1264.751814,-81.636512
2024-12-24 21:30:00,1158.700946,1631.658247,1246.353100,-87.652154
2024-12-24 21:45:00,1134.823919,1633.862186,1229.221657,-94.397738
2024-12-24 22:00:00,1106.462366,1642.775812,1204.438364,-97.975998
2024-12-24 22:15:00,1083.292056,1644.979751,1181.296386,-98.004330
2024-12-24 22:30:00,1059.872458,1647.183691,1167.913338,-108.040880
2024-12-24 22:45:00,1041.960327,1649.387630,1159.080662,-117.120335
2024-12-24 23:00:00,1018.674872,1658.301256,1135.540073,-116.865201
2024-12-24 23:15:00,999.019910,1660.505195,1119.449576,-120.429666
2024-12-24 23:30:00,983.233822,1662.709135,1108.494899,-125.261077
2024-12-24 23:45:00,967.894832,1664.913075,1106.872259,-138.977427
2024-12-25 00:00:00,947.506766,1297.667586,1060.879610,-113.372844
2024-12-25 00:15:00,930.176270,1299.871525,1059.125383,-128.949114
2024-12-25 00:30:00,916.145602,1302.075465,1043.394212,-127.248610
2024-12-25 00:45:00,902.967735,1304.279405,1023.280178,-120.312443
2024-12-25 01:00:00,889.251230,1313.193030,1006.415914,-117.164684
2024-12-25 01:15:00,877.001720,1315.396969,993.343674,-116.341954
2024-12-25 01:30:00,864.314286,1317.600909,975.024149,-110.709863
2024-12-25 01:45:00,853.384292,1319.804849,958.046033,-104.661742
2024-12-25 02:00:00,841.458528,1328.718474,944.808512,-103.349984
2024-12-25 02:15:00,830.762543,1330.922413,938.296878,-107.534335
2024-12-25 02:30:00,823.015098,1333.126353,919.921605,-96.906507
2024-12-25 02:45:00,812.805556,1335.330293,904.608411,-91.802855
2024-12-25 03:00:00,805.484394,1344.243918,895.554185,-90.069791
2024-12-25 03:15:00,800.382378,1346.447857,889.267355,-88.884977
2024-12-25 03:30:00,794.701226,1348.651797,884.015832,-89.314607
2024-12-25 03:45:00,791.135090,1350.855737,882.769418,-91.634328
2024-12-25 04:00:00,790.064460,1359.769362,882.428409,-92.363950
2024-12-25 04:15:00,789.187510,1361.973301,881.683121,-92.495611
2024-12-25 04:30:00,791.438588,1364.177241,881.859812,-90.421225
2024-12-25 04:45:00,794.599727,1366.381181,882.111712,-87.511984
2024-12-25 05:00:00,800.591173,1375.294806,886.113149,-85.521976
2024-12-25 05:15:00,806.992692,1377.498746,901.779747,-94.787055
2024-12-25 05:30:00,814.944561,1379.702685,932.085807,-117.141246
2024-12-25 05:45:00,824.413679,1381.906625,937.017417,-112.603738
2024-12-25 06:00:00,842.848925,1390.820250,962.489484,-119.640559
2024-12-25 06:15:00,859.404861,1393.024190,967.923045,-108.518185
2024-12-25 06:30:00,867.988082,1395.228129,972.554816,-104.566734
2024-12-25 06:45:00,873.903865,1397.432069,975.523698,-101.619833
2024-12-25 07:00:00,886.579986,1406.345694,991.513196,-104.933210
2024-12-25 07:15:00,912.300222,1408.549634,1036.853226,-124.553004
2024-12-25 07:30:00,937.725875,1410.753573,1082.236417,-144.510542
2024-12-25 07:45:00,966.986370,1412.957513,1091.009276,-124.022906
2024-12-25 08:00:00,994.961463,1421.871138,1142.127087,-147.165625
2024-12-25 08:15:00,1023.807798,1424.075078,1187.018784,-163.210986
2024-12-25 08:30:00,1054.976061,1426.279017,1209.546871,-154.570810
2024-12-25 08:45:00,1089.680870,1428.482957,1263.740299,-174.059429
2024-12-25 09:00:00,1126.502392,1437.396582,1291.494331,-164.991939
2024-12-25 09:15:00,1168.256472,1439.600522,1333.229160,-164.972688
2024-12-25 09:30:00,1205.652159,1441.804461,1369.931940,-164.279781
2024-12-25 09:45:00,1232.168384,1444.008401,1394.630123,-162.461739
2024-12-25 10:00:00,1263.061706,1452.922026,1432.085594,-169.023888
2024-12-25 10:15:00,1291.777575,1455.125966,1472.544745,-180.767170
2024-12-25 10:30:00,1317.858085,1457.329905,1486.929432,-169.071347
2024-12-25 10:45:00,1330.788946,1459.533845,1488.765269,-157.976323
2024-12-25 11:00:00,1333.716231,1468.447470,1491.932548,-158.216317
2024-12-25 11:15:00,1336.787870,1470.651410,1491.988311,-155.200441
2024-12-25 11:30:00,1342.850886,1472.855349,1492.054016,-149.203130
2024-12-25 11:45:00,1344.094848,1475.059289,1491.923533,-147.828685
2024-12-25 12:00:00,1345.144340,1483.972914,1491.573800,-146.429460
2024-12-25 12:15:00,1337.015442,1486.176854,1489.844261,-152.828819
2024-12-25 12:30:00,1324.612687,1488.380793,1483.069852,-158.457165
2024-12-25 12:45:00,1305.245088,1490.584733,1472.506913,-167.261825
2024-12-25 13:00:00,1255.907158,1499.498358,1413.415412,-157.508254
2024-12-25 13:15:00,1239.258228,1501.702298,1411.195943,-171.937715
2024-12-25 13:30:00,1230.217545,1503.906237,1408.726251,-178.508706
2024-12-25 13:45:00,1221.303949,1506.110177,1408.745000,-187.441051
2024-12-25 14:00:00,1223.695347,1515.023802,1412.714476,-189.019129
2024-12-25 14:15:00,1224.136723,1517.227742,1418.495220,-194.358497
2024-12-25 14:30:00,1222.232148,1519.431682,1420.645717,-198.413569
