datetime,actual_demand,base_model_prediction,lag_model_prediction,lag_model_absolute_error
2024-12-16 14:15:00,1362.768976,1389.822873,1358.193152,4.575824
2024-12-16 14:30:00,1367.191257,1393.854004,1368.327413,1.136156
2024-12-16 14:45:00,1369.961199,1393.854004,1366.714717,3.246482
2024-12-16 15:00:00,1373.951146,1393.854004,1369.685358,4.265788
2024-12-16 15:15:00,1377.304021,1393.854004,1371.522240,5.781781
2024-12-16 15:30:00,1374.389832,1393.523820,1378.181216,3.791384
2024-12-16 15:45:00,1369.263822,1392.983509,1373.464539,4.200717
2024-12-16 16:00:00,1370.413210,1388.539831,1367.827282,2.585928
2024-12-16 16:15:00,1364.138192,1388.986222,1367.704244,3.566052
2024-12-16 16:30:00,1367.950273,1388.986222,1363.013314,4.936959
2024-12-16 16:45:00,1363.321080,1390.722394,1365.599519,2.278439
2024-12-16 17:00:00,1366.468468,1381.162365,1364.149128,2.319340
2024-12-16 17:15:00,1361.057517,1381.162365,1367.806173,6.748656
2024-12-16 17:30:00,1360.008212,1370.543606,1364.860934,4.852722
2024-12-16 17:45:00,1373.852981,1375.623743,1371.992974,1.860007
2024-12-16 18:00:00,1399.577639,1404.685646,1396.386072,3.191567
2024-12-16 18:15:00,1429.954845,1419.184558,1420.931402,9.023443
2024-12-16 18:30:00,1437.019779,1415.012156,1444.059834,7.040055
2024-12-16 18:45:00,1428.732330,1412.292131,1442.861694,14.129364
2024-12-16 19:00:00,1409.543820,1408.056066,1416.311897,6.768077
2024-12-16 19:15:00,1390.089277,1400.763175,1388.954922,1.134355
2024-12-16 19:30:00,1372.327061,1387.526141,1370.839090,1.487971
2024-12-16 19:45:00,1351.611571,1371.058578,1354.138365,2.526794
2024-12-16 20:00:00,1326.678425,1348.117954,1331.167653,4.489228
2024-12-16 20:15:00,1310.212925,1333.831616,1304.831621,5.381304
2024-12-16 20:30:00,1289.621826,1312.602652,1294.280803,4.658977
2024-12-16 20:45:00,1268.874990,1312.602652,1273.644325,4.769335
2024-12-16 21:00:00,1236.231130,1267.596149,1249.403925,13.172795
2024-12-16 21:15:00,1215.226430,1257.049425,1218.596637,3.370207
2024-12-16 21:30:00,1199.714358,1227.723259,1198.642356,1.072002
2024-12-16 21:45:00,1181.040360,1217.190217,1183.877511,2.837151
2024-12-16 22:00:00,1148.491317,1183.238706,1161.323512,12.832195
2024-12-16 22:15:00,1129.585011,1170.927416,1132.225022,2.640011
2024-12-16 22:30:00,1113.477686,1163.813918,1116.033068,2.555382
2024-12-16 22:45:00,1098.825645,1163.813918,1098.802772,0.022873
2024-12-16 23:00:00,1080.503673,1126.803985,1080.678023,0.174350
2024-12-16 23:15:00,1062.806500,1115.632916,1062.545464,0.261036
2024-12-16 23:30:00,1046.680554,1112.409365,1048.586830,1.906276
2024-12-16 23:45:00,1028.764743,1111.240519,1024.669616,4.095127
2024-12-17 00:00:00,1005.092767,1063.166848,1005.004961,0.087806
2024-12-17 00:15:00,986.851780,1049.902746,989.756713,2.904932
2024-12-17 00:30:00,968.725383,1033.804592,975.438546,6.713163
2024-12-17 00:45:00,952.437952,1022.327083,953.249895,0.811943
2024-12-17 01:00:00,935.951206,978.913724,938.437981,2.486775
2024-12-17 01:15:00,919.151989,950.440036,921.635340,2.483351
2024-12-17 01:30:00,906.007617,934.981345,909.013847,3.006231
2024-12-17 01:45:00,894.898360,939.215758,896.022420,1.124060
2024-12-17 02:00:00,883.814202,910.475875,887.712761,3.898558
2024-12-17 02:15:00,874.595186,913.284877,877.409763,2.814576
2024-12-17 02:30:00,864.680222,899.921171,868.201566,3.521343
2024-12-17 02:45:00,856.342602,901.122883,855.828174,0.514428
2024-12-17 03:00:00,847.035154,895.611669,843.495993,3.539161
2024-12-17 03:15:00,839.115046,893.970866,843.912099,4.797052
2024-12-17 03:30:00,833.747037,881.868671,832.073417,1.673619
2024-12-17 03:45:00,830.644540,883.031342,832.306978,1.662438
2024-12-17 04:00:00,829.938628,876.440953,821.865400,8.073227
2024-12-17 04:15:00,828.719645,878.638310,824.181035,4.538610
2024-12-17 04:30:00,830.506270,878.638310,826.113800,4.392469
2024-12-17 04:45:00,835.903660,878.638310,827.710388,8.193272
2024-12-17 05:00:00,847.410390,880.813031,852.377853,4.967463
2024-12-17 05:15:00,863.252797,893.869840,871.029571,7.776775
2024-12-17 05:30:00,883.928431,910.752718,886.264499,2.336069
2024-12-17 05:45:00,914.016433,914.217546,912.751015,1.265418
2024-12-17 06:00:00,957.753550,972.739206,947.050258,10.703292
2024-12-17 06:15:00,986.431610,987.967057,984.950615,1.480995
2024-12-17 06:30:00,995.649262,991.106828,1002.972554,7.323291
2024-12-17 06:45:00,1004.874385,991.106828,1008.576594,3.702209
2024-12-17 07:00:00,1028.277229,1014.857352,1030.435938,2.158709
2024-12-17 07:15:00,1061.542471,1040.530486,1061.711213,0.168742
2024-12-17 07:30:00,1093.386647,1049.652655,1096.420854,3.034207
2024-12-17 07:45:00,1122.453805,1062.527915,1126.532167,4.078362
2024-12-17 08:00:00,1160.513263,1114.747249,1160.530584,0.017321
2024-12-17 08:15:00,1197.250000,1169.997679,1197.772606,0.522606
2024-12-17 08:30:00,1236.317426,1206.529713,1231.984082,4.333344
2024-12-17 08:45:00,1260.690497,1234.033142,1271.760763,11.070266
2024-12-17 09:00:00,1287.613048,1307.472285,1297.358673,9.745625
2024-12-17 09:15:00,1319.959306,1354.327364,1323.713228,3.753922
2024-12-17 09:30:00,1343.453370,1365.517904,1349.917134,6.463764
2024-12-17 09:45:00,1375.846305,1365.517904,1372.157908,3.688397
2024-12-17 10:00:00,1399.222699,1419.724884,1401.065296,1.842597
2024-12-17 10:15:00,1420.718655,1448.677113,1419.066444,1.652211
2024-12-17 10:30:00,1437.602994,1464.640740,1440.240641,2.637647
2024-12-17 10:45:00,1447.353542,1475.044485,1448.985408,1.631866
2024-12-17 11:00:00,1457.358216,1481.192065,1460.052665,2.694449
2024-12-17 11:15:00,1460.697675,1481.192065,1459.234959,1.462716
2024-12-17 11:30:00,1459.486800,1481.192065,1458.401038,1.085762
2024-12-17 11:45:00,1451.465479,1481.192065,1456.126513,4.661034
2024-12-17 12:00:00,1442.999505,1481.192065,1441.611678,1.387827
2024-12-17 12:15:00,1432.631950,1473.106470,1433.675277,1.043327
2024-12-17 12:30:00,1415.426206,1461.371247,1418.369172,2.942966
2024-12-17 12:45:00,1399.274455,1443.865808,1401.250080,1.975625
2024-12-17 13:00:00,1357.830564,1394.016152,1357.341340,0.489224
2024-12-17 13:15:00,1345.769008,1387.883174,1342.989066,2.779942
2024-12-17 13:30:00,1344.006867,1387.883174,1340.526931,3.479936
2024-12-17 13:45:00,1343.262126,1387.883174,1342.066861,1.195265
2024-12-17 14:00:00,1355.136144,1393.467665,1348.654778,6.481366
2024-12-17 14:15:00,1360.594398,1399.135549,1359.060542,1.533856
2024-12-17 14:30:00,1367.651934,1403.166680,1364.847361,2.804573
2024-12-17 14:45:00,1372.358734,1403.166680,1366.479585,5.879149
2024-12-17 15:00:00,1375.741584,1403.166680,1372.103730,3.637854
2024-12-17 15:15:00,1375.439597,1403.166680,1375.985204,0.545607
2024-12-17 15:30:00,1377.017004,1402.836495,1373.698466,3.318538
2024-12-17 15:45:00,1372.799248,1402.296184,1376.887191,4.087943
2024-12-17 16:00:00,1373.020120,1398.456147,1369.775895,3.244225
2024-12-17 16:15:00,1372.624942,1399.363688,1370.074034,2.550908
2024-12-17 16:30:00,1377.810425,1399.363688,1370.305717,7.504708
2024-12-17 16:45:00,1373.096189,1401.099860,1377.926925,4.830736
2024-12-17 17:00:00,1371.972322,1391.539831,1372.010615,0.038293
2024-12-17 17:15:00,1373.954933,1391.539831,1372.308754,1.646179
2024-12-17 17:30:00,1378.667721,1380.921072,1375.312755,3.354966
2024-12-17 17:45:00,1392.837550,1386.001209,1390.535182,2.302368
2024-12-17 18:00:00,1419.352056,1415.063112,1417.589978,1.762078
2024-12-17 18:15:00,1447.201041,1429.562024,1441.580272,5.620769
2024-12-17 18:30:00,1449.609432,1425.389622,1457.251835,7.642403
2024-12-17 18:45:00,1442.118434,1422.669597,1450.068203,7.949769
2024-12-17 19:00:00,1422.559122,1418.433532,1424.684900,2.125778
2024-12-17 19:15:00,1396.643516,1411.140641,1398.809271,2.165755
2024-12-17 19:30:00,1382.255108,1397.903606,1375.914342,6.340766
2024-12-17 19:45:00,1364.293276,1381.436044,1363.080580,1.212696
2024-12-17 20:00:00,1341.308785,1358.495420,1340.645090,0.663695
2024-12-17 20:15:00,1322.598626,1344.209082,1318.642128,3.956498
2024-12-17 20:30:00,1306.786323,1322.980118,1302.433551,4.352772
2024-12-17 20:45:00,1286.291746,1322.980118,1290.659107,4.367361
2024-12-17 21:00:00,1256.466593,1277.973615,1264.971599,8.505006
2024-12-17 21:15:00,1236.406952,1267.426891,1236.574747,0.167795
2024-12-17 21:30:00,1213.371714,1238.100725,1220.666237,7.294523
2024-12-17 21:45:00,1184.486275,1227.567683,1196.330539,11.844264
2024-12-17 22:00:00,1161.606091,1193.616171,1163.200592,1.594501
2024-12-17 22:15:00,1139.936765,1181.304882,1144.210788,4.274023
2024-12-17 22:30:00,1119.490473,1171.909704,1125.941536,6.451063
2024-12-17 22:45:00,1103.080028,1171.909704,1106.344412,3.264384
2024-12-17 23:00:00,1079.049807,1134.899772,1084.515589,5.465782
2024-12-17 23:15:00,1058.308027,1123.728702,1061.647813,3.339786
2024-12-17 23:30:00,1039.299906,1120.505151,1044.833742,5.533836
2024-12-17 23:45:00,1023.405096,1119.336305,1024.569160,1.164064
2024-12-18 00:00:00,999.275917,1064.532891,993.419393,5.856524
2024-12-18 00:15:00,979.920257,1052.833694,984.713845,4.793589
2024-12-18 00:30:00,963.343656,1033.200284,964.462518,1.118862
2024-12-18 00:45:00,944.724097,1021.722774,952.192101,7.468004
2024-12-18 01:00:00,929.347550,978.309416,934.708655,5.361105
2024-12-18 01:15:00,911.701545,949.835728,912.846432,1.144887
2024-12-18 01:30:00,898.148023,934.377037,901.466607,3.318584
2024-12-18 01:45:00,886.070398,938.611450,886.788323,0.717925
2024-12-18 02:00:00,875.147399,909.871567,876.614240,1.466840
2024-12-18 02:15:00,863.510113,912.680569,868.883131,5.373018
2024-12-18 02:30:00,854.638824,899.316863,855.709966,1.071142
2024-12-18 02:45:00,843.751060,900.518575,842.223500,1.527560
2024-12-18 03:00:00,836.126010,895.007361,831.443262,4.682747
2024-12-18 03:15:00,829.276452,893.366558,831.716889,2.440437
2024-12-18 03:30:00,823.867891,879.911419,817.691197,6.176694
2024-12-18 03:45:00,820.015221,881.074090,817.172584,2.842638
2024-12-18 04:00:00,817.966952,874.483701,820.723813,2.756861
2024-12-18 04:15:00,819.514268,876.681058,823.997553,4.483285
2024-12-18 04:30:00,823.094522,876.681058,827.599709,4.505187
2024-12-18 04:45:00,827.584802,876.681058,827.526906,0.057896
2024-12-18 05:00:00,839.615342,878.855779,838.221807,1.393534
2024-12-18 05:15:00,855.910636,891.912587,857.383444,1.472808
2024-12-18 05:30:00,877.964782,907.886511,874.780369,3.184414
2024-12-18 05:45:00,907.036505,911.351339,900.547793,6.488713
2024-12-18 06:00:00,952.278047,965.458368,937.324951,14.953096
2024-12-18 06:15:00,979.260137,980.686220,977.293329,1.966808
2024-12-18 06:30:00,990.861745,983.825991,991.672332,0.810587
2024-12-18 06:45:00,998.405128,983.825991,1008.393112,9.987984
2024-12-18 07:00:00,1026.116233,1011.111771,1021.786824,4.329409
2024-12-18 07:15:00,1062.002002,1036.784904,1061.739017,0.262985
2024-12-18 07:30:00,1096.075556,1045.907074,1096.237372,0.161816
2024-12-18 07:45:00,1123.138252,1058.782334,1126.505702,3.367450
2024-12-18 08:00:00,1164.493822,1111.001668,1160.347102,4.146720
2024-12-18 08:15:00,1203.176566,1166.252098,1204.710476,1.533910
2024-12-18 08:30:00,1236.735191,1202.784132,1238.480238,1.745047
2024-12-18 08:45:00,1259.854514,1230.287561,1272.014692,12.160178
2024-12-18 09:00:00,1289.600615,1305.436987,1297.404212,7.803597
2024-12-18 09:15:00,1326.225829,1352.292066,1326.046825,0.179004
2024-12-18 09:30:00,1359.651321,1363.482605,1354.677250,4.974071
2024-12-18 09:45:00,1378.010264,1363.482605,1382.241426,4.231162
2024-12-18 10:00:00,1403.465311,1417.689586,1401.131002,2.334309
2024-12-18 10:15:00,1424.597453,1446.641815,1426.945112,2.347659
2024-12-18 10:30:00,1440.006428,1461.528855,1442.630938,2.624510
2024-12-18 10:45:00,1454.663540,1471.932600,1455.068585,0.405045
2024-12-18 11:00:00,1460.205577,1478.080180,1465.866154,5.660577
2024-12-18 11:15:00,1463.470211,1478.080180,1462.064777,1.405434
2024-12-18 11:30:00,1456.097324,1478.080180,1458.220420,2.123096
2024-12-18 11:45:00,1453.656385,1478.080180,1449.978104,3.678281
2024-12-18 12:00:00,1452.659287,1478.080180,1446.097660,6.561627
2024-12-18 12:15:00,1444.540775,1469.994584,1445.696687,1.155912
2024-12-18 12:30:00,1426.109384,1456.207232,1428.475432,2.366048
2024-12-18 12:45:00,1412.449806,1440.065889,1412.692056,0.242250
2024-12-18 13:00:00,1370.818694,1390.216233,1369.940490,0.878204
2024-12-18 13:15:00,1359.748381,1384.083256,1354.985649,4.762732
2024-12-18 13:30:00,1352.459066,1384.083256,1350.032314,2.426752
2024-12-18 13:45:00,1353.340664,1384.083256,1350.510992,2.829672
2024-12-18 14:00:00,1365.043605,1389.667746,1356.821050,8.222555
2024-12-18 14:15:00,1374.838019,1392.537500,1369.316565,5.521454
2024-12-18 14:30:00,1385.182432,1396.568631,1380.542283,4.640149
2024-12-18 14:45:00,1390.108564,1396.568631,1387.641373,2.467191
2024-12-18 15:00:00,1392.571694,1396.568631,1389.857048,2.714646
2024-12-18 15:15:00,1391.130468,1396.568631,1392.852359,1.721891
2024-12-18 15:30:00,1387.419861,1397.312750,1390.936643,3.516782
2024-12-18 15:45:00,1384.617511,1396.772439,1383.562392,1.055119
2024-12-18 16:00:00,1384.125636,1397.049880,1378.282361,5.843275
2024-12-18 16:15:00,1377.635727,1397.957420,1378.728405,1.092678
2024-12-18 16:30:00,1382.042741,1397.957420,1375.245529,6.797212
2024-12-18 16:45:00,1380.425371,1399.693592,1378.775522,1.649849
2024-12-18 17:00:00,1383.476947,1390.133564,1379.768380,3.708567
2024-12-18 17:15:00,1384.668006,1390.133564,1383.804090,0.863916
2024-12-18 17:30:00,1389.541658,1379.514804,1386.605181,2.936477
2024-12-18 17:45:00,1406.421782,1389.625054,1400.648571,5.773211
2024-12-18 18:00:00,1437.525202,1418.686958,1432.928670,4.596532
2024-12-18 18:15:00,1468.529460,1433.185869,1462.317051,6.212409
2024-12-18 18:30:00,1476.244665,1429.013468,1476.660361,0.415696
2024-12-18 18:45:00,1466.260060,1426.293442,1474.801447,8.541387
2024-12-18 19:00:00,1448.003713,1422.057378,1444.601967,3.401746
2024-12-18 19:15:00,1433.850791,1414.764486,1424.564680,9.286111
2024-12-18 19:30:00,1414.008256,1397.200218,1412.020229,1.988027
2024-12-18 19:45:00,1393.866862,1380.732655,1396.449482,2.582620
2024-12-18 20:00:00,1369.190818,1357.792031,1373.089085,3.898267
2024-12-18 20:15:00,1353.350231,1343.505693,1346.077985,7.272246
2024-12-18 20:30:00,1337.839050,1322.276730,1333.257323,4.581727
2024-12-18 20:45:00,1315.527565,1322.276730,1318.801706,3.274141
2024-12-18 21:00:00,1282.271812,1277.270226,1291.970420,9.698608
2024-12-18 21:15:00,1262.370732,1267.252065,1257.764141,4.606591
2024-12-18 21:30:00,1238.855632,1237.925900,1246.161499,7.305867
2024-12-18 21:45:00,1220.758772,1227.392857,1222.694106,1.935334
2024-12-18 22:00:00,1189.870068,1193.441346,1200.396366,10.526298
2024-12-18 22:15:00,1169.995592,1181.130057,1172.595641,2.600049
2024-12-18 22:30:00,1150.645516,1171.734879,1154.111182,3.465666
2024-12-18 22:45:00,1130.564359,1171.734879,1138.999318,8.434959
2024-12-18 23:00:00,1104.364447,1130.040527,1112.026511,7.662064
2024-12-18 23:15:00,1083.103203,1118.869458,1088.945685,5.842482
2024-12-18 23:30:00,1063.308926,1115.645907,1066.312993,3.004067
2024-12-18 23:45:00,1043.232164,1114.477061,1050.752286,7.520122
2024-12-19 00:00:00,1019.081738,1067.218253,1013.829908,5.251830
2024-12-19 00:15:00,998.907048,1055.519055,1001.833794,2.926746
2024-12-19 00:30:00,980.315439,1035.885646,984.741485,4.426046
2024-12-19 00:45:00,960.252203,1024.408136,968.283011,8.030808
2024-12-19 01:00:00,942.166550,980.994778,946.191363,4.024813
2024-12-19 01:15:00,923.641256,952.521090,929.024276,5.383020
2024-12-19 01:30:00,907.777743,937.062398,908.888884,1.111141
2024-12-19 01:45:00,896.024418,941.296811,894.665342,1.359076
2024-12-19 02:00:00,880.861739,912.556928,886.355683,5.493944
2024-12-19 02:15:00,870.629489,915.365930,867.655049,2.974440
2024-12-19 02:30:00,862.887272,902.002224,853.579581,9.307691
2024-12-19 02:45:00,852.813065,903.203937,853.514307,0.701241
2024-12-19 03:00:00,845.846686,897.692722,843.309583,2.537103
2024-12-19 03:15:00,839.381688,896.051919,831.856440,7.525248
2024-12-19 03:30:00,832.186245,882.596780,831.887007,0.299237
2024-12-19 03:45:00,828.451369,883.759451,817.622995,10.828374
2024-12-19 04:00:00,825.935210,877.169063,820.720885,5.214325
2024-12-19 04:15:00,825.452961,879.366419,823.994625,1.458336
2024-12-19 04:30:00,828.036500,879.366419,825.927390,2.109110
2024-12-19 04:45:00,832.517148,879.366419,827.523978,4.993170
2024-12-19 05:00:00,844.520174,881.541140,852.191443,7.671270
2024-12-19 05:15:00,861.369467,894.597949,855.936753,5.432715
2024-12-19 05:30:00,884.776173,910.571872,887.549249,2.773076
2024-12-19 05:45:00,915.714840,914.036701,912.564605,3.150235
2024-12-19 06:00:00,958.883072,965.834876,946.863848,12.019224
2024-12-19 06:15:00,982.674965,981.062727,984.764205,2.089240
2024-12-19 06:30:00,994.987718,984.202498,995.978902,0.991184
2024-12-19 06:45:00,1007.430948,984.202498,1008.390184,0.959236
2024-12-19 07:00:00,1034.891795,1011.488278,1035.328578,0.436783
2024-12-19 07:15:00,1073.173369,1037.161412,1065.157630,8.015739
2024-12-19 07:30:00,1105.567982,1046.283582,1106.438651,0.870669
2024-12-19 07:45:00,1135.248595,1059.158842,1138.351674,3.103079
2024-12-19 08:00:00,1168.903232,1111.378176,1171.982992,3.079760
2024-12-19 08:15:00,1204.819210,1166.628606,1205.928090,1.108880
2024-12-19 08:30:00,1235.938589,1203.160640,1240.392500,4.453911
2024-12-19 08:45:00,1266.779506,1230.664068,1272.322406,5.542900
2024-12-19 09:00:00,1292.351513,1305.813494,1298.710475,6.358962
2024-12-19 09:15:00,1327.243518,1352.668574,1328.387037,1.143519
2024-12-19 09:30:00,1356.265724,1363.859113,1358.574100,2.308376
2024-12-19 09:45:00,1376.524954,1363.859113,1381.585521,5.060567
2024-12-19 10:00:00,1406.317390,1418.066094,1400.849333,5.468057
2024-12-19 10:15:00,1433.291472,1447.018323,1430.317421,2.974051
2024-12-19 10:30:00,1450.581674,1461.905363,1454.274869,3.693195
2024-12-19 10:45:00,1459.571688,1472.309108,1463.407579,3.835891
2024-12-19 11:00:00,1465.634732,1476.678292,1472.479979,6.845247
2024-12-19 11:15:00,1469.317527,1476.678292,1465.420625,3.896902
2024-12-19 11:30:00,1467.971018,1476.678292,1465.906464,2.064554
2024-12-19 11:45:00,1461.272835,1476.678292,1464.360318,3.087483
2024-12-19 12:00:00,1456.424576,1476.678292,1456.038369,0.386207
2024-12-19 12:15:00,1444.673999,1468.592697,1449.530570,4.856571
2024-12-19 12:30:00,1425.100877,1454.805345,1428.033455,2.932578
2024-12-19 12:45:00,1412.741150,1438.664001,1412.627966,0.113184
2024-12-19 13:00:00,1370.940177,1388.814345,1369.830883,1.109294
2024-12-19 13:15:00,1361.218636,1382.681368,1355.441249,5.777387
2024-12-19 13:30:00,1354.841367,1382.681368,1354.600555,0.240812
2024-12-19 13:45:00,1354.072819,1382.681368,1353.261205,0.811614
2024-12-19 14:00:00,1362.241764,1388.265859,1356.818122,5.423642
2024-12-19 14:15:00,1369.421642,1391.135613,1365.851350,3.570292
2024-12-19 14:30:00,1372.716746,1395.166743,1373.187754,0.471008
2024-12-19 14:45:00,1374.301075,1395.166743,1372.047423,2.253652
2024-12-19 15:00:00,1375.362064,1395.166743,1376.593478,1.231414
2024-12-19 15:15:00,1371.638890,1395.166743,1373.149097,1.510207
2024-12-19 15:30:00,1371.052926,1394.740248,1369.588463,1.464463
2024-12-19 15:45:00,1367.024910,1394.199938,1367.116168,0.091258
2024-12-19 16:00:00,1364.267428,1392.198133,1363.539018,0.728410
2024-12-19 16:15:00,1362.452974,1394.498522,1361.541815,0.911159
2024-12-19 16:30:00,1360.281200,1394.498522,1358.732389,1.548811
2024-12-19 16:45:00,1355.245447,1396.234694,1359.791003,4.545556
2024-12-19 17:00:00,1358.001748,1386.674666,1353.437761,4.563987
2024-12-19 17:15:00,1360.952588,1386.674666,1356.873399,4.079189
2024-12-19 17:30:00,1368.115521,1376.055906,1364.655085,3.460436
2024-12-19 17:45:00,1389.964806,1386.166156,1382.299281,7.665525
2024-12-19 18:00:00,1422.128534,1415.228060,1417.595797,4.532737
2024-12-19 18:15:00,1445.903598,1431.675613,1447.579680,1.676082
2024-12-19 18:30:00,1453.726698,1427.503212,1461.826065,8.099367
2024-12-19 18:45:00,1447.981240,1424.783187,1455.765275,7.784035
2024-12-19 19:00:00,1431.608704,1420.547122,1429.853302,1.755402
2024-12-19 19:15:00,1418.751814,1413.254230,1411.256501,7.495313
2024-12-19 19:30:00,1404.346532,1395.689962,1398.608881,5.737651
2024-12-19 19:45:00,1382.667449,1379.222399,1384.505885,1.838436
2024-12-19 20:00:00,1359.287532,1356.281776,1362.013947,2.726415
2024-12-19 20:15:00,1340.815436,1341.995438,1334.463035,6.352401
2024-12-19 20:30:00,1322.952030,1320.766474,1323.396525,0.444495
2024-12-19 20:45:00,1302.240921,1320.766474,1303.027992,0.787071
2024-12-19 21:00:00,1272.447775,1272.403483,1279.366890,6.919115
2024-12-19 21:15:00,1250.351900,1262.385322,1252.943708,2.591808
2024-12-19 21:30:00,1228.500939,1233.059157,1230.390380,1.889441
2024-12-19 21:45:00,1209.315899,1222.526114,1210.833990,1.518091
2024-12-19 22:00:00,1183.088573,1188.574603,1189.527585,6.439012
2024-12-19 22:15:00,1166.460421,1176.263314,1166.712830,0.252409
2024-12-19 22:30:00,1148.179989,1166.868136,1150.840692,2.660703
2024-12-19 22:45:00,1130.802373,1166.868136,1136.981413,6.179040
2024-12-19 23:00:00,1109.594730,1125.173784,1112.023583,2.428853
2024-12-19 23:15:00,1090.036620,1107.716767,1091.879946,1.843326
2024-12-19 23:30:00,1074.069071,1104.493216,1075.408207,1.339136
2024-12-19 23:45:00,1055.016954,1103.324370,1063.913596,8.896642
2024-12-20 00:00:00,1031.677982,1061.454324,1025.789235,5.888747
2024-12-20 00:15:00,1015.430774,1049.198323,1013.610964,1.819810
2024-12-20 00:30:00,996.907322,1032.297944,998.650428,1.743106
2024-12-20 00:45:00,979.274258,1020.820435,983.989842,4.715584
2024-12-20 01:00:00,962.233876,977.407076,962.946369,0.712494
2024-12-20 01:15:00,945.451838,948.933388,943.550530,1.901307
2024-12-20 01:30:00,931.467468,933.474697,932.560499,1.093031
2024-12-20 01:45:00,917.964391,937.709110,914.355160,3.609231
2024-12-20 02:00:00,904.195513,908.969227,909.475223,5.279710
2024-12-20 02:15:00,891.904110,911.778229,894.854631,2.950521
2024-12-20 02:30:00,881.482636,899.077266,876.846279,4.636356
2024-12-20 02:45:00,873.241770,900.278979,865.822424,7.419345
2024-12-20 03:00:00,864.261740,894.767764,866.911436,2.649696
2024-12-20 03:15:00,856.931961,893.609423,855.019423,1.912537
2024-12-20 03:30:00,850.045522,883.526763,843.756256,6.289265
2024-12-20 03:45:00,847.022631,884.689435,843.690982,3.331649
2024-12-20 04:00:00,843.202746,878.099046,848.181231,4.978485
2024-12-20 04:15:00,842.713340,880.296403,840.695804,2.017535
2024-12-20 04:30:00,844.944026,880.296403,842.486090,2.457936
2024-12-20 04:45:00,849.460006,880.296403,842.413287,7.046718
2024-12-20 05:00:00,859.657043,882.471124,865.338856,5.681813
2024-12-20 05:15:00,875.886809,895.527932,880.318742,4.431933
2024-12-20 05:30:00,897.527635,911.501856,895.528814,1.998821
2024-12-20 05:45:00,926.560991,914.966684,921.090869,5.470122
2024-12-20 06:00:00,969.640941,963.063408,961.273405,8.367536
2024-12-20 06:15:00,998.584552,978.291259,995.473025,3.111528
2024-12-20 06:30:00,1011.074360,981.431030,1012.094173,1.019813
2024-12-20 06:45:00,1021.379532,981.431030,1022.790717,1.411185
2024-12-20 07:00:00,1045.641762,1009.273614,1048.549604,2.907842
2024-12-20 07:15:00,1086.731151,1034.946747,1078.491357,8.239794
2024-12-20 07:30:00,1129.101445,1044.068917,1121.804305,7.297140
2024-12-20 07:45:00,1160.675648,1056.944177,1165.306158,4.630510
2024-12-20 08:00:00,1200.765416,1109.163511,1199.660866,1.104550
2024-12-20 08:15:00,1235.194734,1164.413941,1236.817991,1.623257
2024-12-20 08:30:00,1266.530593,1200.945975,1268.890383,2.359790
2024-12-20 08:45:00,1299.150012,1228.449404,1299.896412,0.746400
2024-12-20 09:00:00,1329.736426,1304.912526,1335.343530,5.607104
2024-12-20 09:15:00,1374.459364,1351.767606,1370.437817,4.021547
2024-12-20 09:30:00,1400.068827,1362.958145,1410.530594,10.461767
2024-12-20 09:45:00,1428.832793,1362.958145,1426.139202,2.693591
2024-12-20 10:00:00,1454.213977,1419.377130,1455.682646,1.468669
2024-12-20 10:15:00,1475.697169,1448.329359,1474.608446,1.088723
2024-12-20 10:30:00,1494.115440,1460.163205,1489.189900,4.925540
2024-12-20 10:45:00,1506.897155,1470.566950,1502.149492,4.747663
2024-12-20 11:00:00,1515.104441,1476.885928,1517.731215,2.626774
2024-12-20 11:15:00,1516.401522,1476.885928,1511.974706,4.426816
2024-12-20 11:30:00,1517.633791,1476.885928,1512.779915,4.853876
2024-12-20 11:45:00,1511.047506,1476.885928,1509.734139,1.313367
2024-12-20 12:00:00,1508.961294,1476.885928,1503.566402,5.394892
2024-12-20 12:15:00,1502.067963,1466.588327,1503.373299,1.305336
2024-12-20 12:30:00,1483.605007,1455.902338,1490.113989,6.508982
2024-12-20 12:45:00,1466.807480,1439.760995,1468.115330,1.307850
2024-12-20 13:00:00,1416.167260,1389.911339,1426.489604,10.322344
2024-12-20 13:15:00,1396.292489,1381.828569,1400.112048,3.819559
2024-12-20 13:30:00,1382.279074,1381.828569,1388.726245,6.447171
2024-12-20 13:45:00,1376.744841,1381.828569,1379.982171,3.237330
2024-12-20 14:00:00,1382.928685,1387.413060,1381.047417,1.881268
2024-12-20 14:15:00,1380.721946,1388.306130,1386.172635,5.450689
2024-12-20 14:30:00,1383.284981,1392.337261,1383.185048,0.099933
2024-12-20 14:45:00,1382.741694,1392.337261,1382.352296,0.389398
2024-12-20 15:00:00,1379.301316,1392.337261,1381.753260,2.451944
2024-12-20 15:15:00,1374.984988,1392.337261,1375.670569,0.685581
2024-12-20 15:30:00,1369.634018,1391.910766,1371.172758,1.538740
2024-12-20 15:45:00,1367.663133,1391.370455,1365.862373,1.800760
2024-12-20 16:00:00,1363.166916,1391.040017,1362.285223,0.881693
2024-12-20 16:15:00,1359.772360,1393.340406,1361.481191,1.708831
2024-12-20 16:30:00,1358.747476,1393.340406,1354.463164,4.284312
2024-12-20 16:45:00,1355.109050,1395.076578,1355.521777,0.412727
2024-12-20 17:00:00,1358.069964,1385.516550,1353.105501,4.964463
2024-12-20 17:15:00,1360.977362,1385.516550,1356.541138,4.436224
2024-12-20 17:30:00,1362.392475,1373.584093,1364.206064,1.813589
2024-12-20 17:45:00,1377.134412,1383.694343,1372.066999,5.067413
2024-12-20 18:00:00,1406.024870,1412.756247,1404.241820,1.783050
2024-12-20 18:15:00,1430.971583,1429.203801,1433.471173,2.499590
2024-12-20 18:30:00,1436.597318,1425.031399,1440.577006,3.979688
2024-12-20 18:45:00,1430.334667,1422.311374,1437.359961,7.025294
2024-12-20 19:00:00,1416.574066,1418.075309,1412.644698,3.929368
2024-12-20 19:15:00,1400.498748,1410.782418,1398.649190,1.849558
2024-12-20 19:30:00,1383.766212,1393.218149,1381.993024,1.773188
2024-12-20 19:45:00,1364.961005,1376.750587,1366.318636,1.357631
2024-12-20 20:00:00,1339.699298,1353.809963,1341.793779,2.094481
2024-12-20 20:15:00,1322.783200,1339.523625,1316.123810,6.659390
2024-12-20 20:30:00,1306.318569,1318.294661,1303.397519,2.921050
2024-12-20 20:45:00,1284.937195,1318.294661,1288.535564,3.598369
2024-12-20 21:00:00,1256.818721,1269.931670,1263.048278,6.229557
2024-12-20 21:15:00,1237.060665,1258.465555,1237.721293,0.660628
2024-12-20 21:30:00,1207.082013,1229.139390,1221.060965,13.978952
2024-12-20 21:45:00,1184.538905,1218.606348,1190.382763,5.843858
2024-12-20 22:00:00,1159.768124,1184.654836,1164.556470,4.788346
2024-12-20 22:15:00,1138.371769,1170.397943,1141.742130,3.370361
2024-12-20 22:30:00,1121.834284,1161.002765,1125.456665,3.622381
2024-12-20 22:45:00,1103.588063,1161.002765,1107.176042,3.587979
2024-12-20 23:00:00,1081.074098,1119.308413,1084.361348,3.287250
2024-12-20 23:15:00,1060.881695,1101.851396,1061.493573,0.611878
2024-12-20 23:30:00,1042.355568,1098.627845,1044.679502,2.323934
2024-12-20 23:45:00,1023.738421,1097.458999,1030.442506,6.704085
2024-12-21 00:00:00,1000.084135,1072.171888,1002.771912,2.687777
2024-12-21 00:15:00,981.536642,1059.915887,985.160305,3.623663
2024-12-21 00:30:00,961.264294,1043.015508,970.053523,8.789230
2024-12-21 00:45:00,948.710734,1031.537998,947.731102,0.979632
2024-12-21 01:00:00,931.857176,988.124640,933.388133,1.530957
2024-12-21 01:15:00,916.976880,962.470365,913.452558,3.524322
2024-12-21 01:30:00,902.231767,947.011673,902.072733,0.159034
2024-12-21 01:45:00,890.465992,951.246086,896.365008,5.899016
2024-12-21 02:00:00,878.861328,922.506203,878.183670,0.677658
2024-12-21 02:15:00,867.720422,926.636760,868.920047,1.199625
2024-12-21 02:30:00,857.825747,913.822402,856.559219,1.266528
2024-12-21 02:45:00,848.611165,915.024114,845.200210,3.410955
2024-12-21 03:00:00,839.636566,909.512900,844.840738,5.204173
2024-12-21 03:15:00,835.882735,906.510660,831.260138,4.622597
2024-12-21 03:30:00,831.280814,891.465075,831.148226,0.132587
2024-12-21 03:45:00,825.400428,892.627747,816.757512,8.642916
2024-12-21 04:00:00,825.495847,887.460395,819.875844,5.620003
2024-12-21 04:15:00,826.894831,889.657751,822.716785,4.178046
2024-12-21 04:30:00,828.405488,889.657751,826.104527,2.300960
2024-12-21 04:45:00,834.122608,889.657751,826.257442,7.865166
2024-12-21 05:00:00,840.340023,891.832472,850.984374,10.644351
2024-12-21 05:15:00,852.538996,900.987968,853.038287,0.499292
2024-12-21 05:30:00,867.079506,914.254238,869.624679,2.545173
2024-12-21 05:45:00,884.638195,917.719067,881.760455,2.877740
2024-12-21 06:00:00,915.032278,945.115358,909.066889,5.965389
2024-12-21 06:15:00,933.843392,952.828574,934.408884,0.565492
2024-12-21 06:30:00,943.776860,955.968345,946.739731,2.962871
2024-12-21 06:45:00,950.822545,955.968345,952.472966,1.650422
2024-12-21 07:00:00,972.466920,973.772636,966.156643,6.310277
2024-12-21 07:15:00,999.794886,978.306510,998.379130,1.415756
2024-12-21 07:30:00,1029.941292,984.667978,1024.821812,5.119480
2024-12-21 07:45:00,1055.767134,986.880611,1057.139149,1.372015
2024-12-21 08:00:00,1089.994854,1032.994589,1087.693736,2.301118
2024-12-21 08:15:00,1129.947909,1046.645714,1124.668221,5.279688
2024-12-21 08:30:00,1165.556951,1083.177749,1165.931222,0.374271
2024-12-21 08:45:00,1198.945759,1122.103034,1200.463456,1.517697
2024-12-21 09:00:00,1232.887317,1198.990982,1234.872355,1.985038
2024-12-21 09:15:00,1277.490199,1250.279928,1272.404654,5.085545
2024-12-21 09:30:00,1309.535870,1273.882462,1309.476950,0.058920
2024-12-21 09:45:00,1339.055758,1273.882462,1337.138704,1.917054
2024-12-21 10:00:00,1367.604122,1332.631979,1365.801077,1.803045
2024-12-21 10:15:00,1409.079404,1353.088973,1392.216624,16.862780
2024-12-21 10:30:00,1427.697185,1371.943954,1428.548805,0.851620
2024-12-21 10:45:00,1437.364559,1384.118572,1444.330621,6.966062
2024-12-21 11:00:00,1444.703898,1390.437549,1451.719903,7.016005
2024-12-21 11:15:00,1449.189359,1390.437549,1448.917592,0.271767
2024-12-21 11:30:00,1449.873286,1390.437549,1454.432796,4.559510
2024-12-21 11:45:00,1445.331284,1390.437549,1444.062301,1.268983
2024-12-21 12:00:00,1438.779551,1390.437549,1437.561800,1.217751
2024-12-21 12:15:00,1429.444305,1382.298137,1430.519141,1.074836
2024-12-21 12:30:00,1411.738582,1374.356244,1416.551688,4.813106
2024-12-21 12:45:00,1393.971126,1355.818746,1397.142783,3.171657
2024-12-21 13:00:00,1342.381189,1312.552635,1358.155024,15.773835
2024-12-21 13:15:00,1323.119252,1296.827631,1330.483345,7.364093
2024-12-21 13:30:00,1313.980326,1296.827631,1314.199648,0.219322
2024-12-21 13:45:00,1312.736571,1296.827631,1311.055435,1.681136
2024-12-21 14:00:00,1321.690906,1300.856729,1315.750253,5.940653
2024-12-21 14:15:00,1323.045157,1301.113698,1326.029629,2.984472
2024-12-21 14:30:00,1324.736034,1305.144829,1325.463819,0.727785
2024-12-21 14:45:00,1321.716895,1305.144829,1324.239060,2.522165
2024-12-21 15:00:00,1319.690014,1305.144829,1320.697275,1.007261
2024-12-21 15:15:00,1316.224416,1305.144829,1317.515396,1.290980
2024-12-21 15:30:00,1309.791005,1303.108746,1313.023404,3.232399
2024-12-21 15:45:00,1302.475688,1302.712958,1307.930598,5.454910
2024-12-21 16:00:00,1305.274622,1300.138334,1296.523719,8.750903
2024-12-21 16:15:00,1302.178563,1302.438723,1301.408139,0.770424
2024-12-21 16:30:00,1303.645396,1302.438723,1297.876157,5.769239
2024-12-21 16:45:00,1297.400136,1302.438723,1304.526371,7.126235
2024-12-21 17:00:00,1304.282870,1292.878694,1298.710805,5.572065
2024-12-21 17:15:00,1308.681917,1292.878694,1306.093007,2.588910
2024-12-21 17:30:00,1315.167717,1280.946238,1312.896395,2.271322
2024-12-21 17:45:00,1331.795878,1291.056488,1332.208714,0.412836
2024-12-21 18:00:00,1361.557986,1320.118392,1363.273552,1.715566
2024-12-21 18:15:00,1393.978162,1336.565946,1396.320297,2.342135
2024-12-21 18:30:00,1404.534416,1334.158995,1409.654103,5.119687
2024-12-21 18:45:00,1398.204744,1333.115315,1411.138235,12.933491
2024-12-21 19:00:00,1385.718165,1328.879250,1379.703754,6.014411
2024-12-21 19:15:00,1369.805556,1321.586358,1365.284320,4.521236
2024-12-21 19:30:00,1354.793705,1304.022090,1349.110293,5.683412
2024-12-21 19:45:00,1339.376614,1294.255082,1338.074262,1.302352
2024-12-21 20:00:00,1317.791429,1280.524432,1316.827997,0.963432
2024-12-21 20:15:00,1304.078541,1280.524432,1296.897127,7.181414
2024-12-21 20:30:00,1286.584453,1259.295468,1289.002723,2.418270
2024-12-21 20:45:00,1265.269476,1259.295468,1270.727127,5.457651
2024-12-21 21:00:00,1235.080725,1240.484912,1244.628282,9.547557
2024-12-21 21:15:00,1219.061055,1229.018798,1214.390954,4.670101
2024-12-21 21:30:00,1200.577843,1192.370815,1201.143612,0.565769
2024-12-21 21:45:00,1180.851389,1180.017558,1183.186160,2.334771
2024-12-21 22:00:00,1152.916286,1153.385958,1160.211449,7.295163
2024-12-21 22:15:00,1126.216742,1139.129064,1133.958557,7.741815
2024-12-21 22:30:00,1111.474150,1133.729887,1111.289389,0.184761
2024-12-21 22:45:00,1095.664065,1133.729887,1098.671603,3.007538
2024-12-21 23:00:00,1079.310078,1092.035536,1076.913738,2.396340
2024-12-21 23:15:00,1065.609498,1074.578519,1062.056822,3.552676
2024-12-21 23:30:00,1050.507393,1071.354968,1050.842189,0.334796
2024-12-21 23:45:00,1036.386216,1070.186122,1026.802794,9.583422
2024-12-22 00:00:00,1009.940606,1068.193787,1026.290211,16.349605
2024-12-22 00:15:00,995.460852,1059.921610,993.215354,2.245498
2024-12-22 00:30:00,980.648351,1049.595365,978.682823,1.965529
2024-12-22 00:45:00,966.331211,1038.117855,967.196605,0.865395
2024-12-22 01:00:00,952.010164,994.351793,950.573216,1.436948
2024-12-22 01:15:00,933.332051,968.770241,939.935634,6.603584
2024-12-22 01:30:00,920.325982,953.311550,923.407024,3.081042
2024-12-22 01:45:00,910.398231,957.545963,909.378751,1.019480
2024-12-22 02:00:00,901.078024,928.806080,896.046366,5.031658
2024-12-22 02:15:00,889.930578,932.936637,885.690424,4.240154
2024-12-22 02:30:00,880.114370,922.104668,874.253859,5.860511
2024-12-22 02:45:00,870.839895,923.306380,865.357461,5.482434
2024-12-22 03:00:00,861.386083,917.795166,853.915025,7.471057
2024-12-22 03:15:00,852.387550,914.792926,854.331131,1.943581
2024-12-22 03:30:00,847.992213,901.896689,843.067964,4.924250
2024-12-22 03:45:00,842.728751,905.170574,843.002689,0.273939
2024-12-22 04:00:00,840.307988,893.254321,835.441758,4.866231
2024-12-22 04:15:00,839.336268,892.373911,838.283780,1.052488
2024-12-22 04:30:00,838.955118,886.812083,840.002131,1.047013
2024-12-22 04:45:00,838.072399,886.812083,840.614093,2.541695
2024-12-22 05:00:00,843.061607,888.986804,844.530446,1.468839
2024-12-22 05:15:00,848.770400,898.224522,846.766842,2.003558
2024-12-22 05:30:00,853.615857,906.053594,863.557227,9.941370
2024-12-22 05:45:00,860.428186,906.053594,864.859586,4.431400
2024-12-22 06:00:00,876.225723,917.710236,878.043970,1.818247
2024-12-22 06:15:00,885.994726,920.830251,886.917023,0.922297
2024-12-22 06:30:00,892.892794,922.818530,892.620446,0.272348
2024-12-22 06:45:00,899.129979,922.818530,904.840083,5.710104
2024-12-22 07:00:00,907.246598,929.448952,910.304003,3.057404
2024-12-22 07:15:00,925.334235,926.820459,923.490662,1.843573
2024-12-22 07:30:00,944.194908,923.461793,941.444052,2.750856
2024-12-22 07:45:00,964.486048,925.674425,958.138106,6.347942
2024-12-22 08:00:00,994.580518,950.891557,988.403541,6.176977
2024-12-22 08:15:00,1018.274120,964.542683,1017.264915,1.009205
2024-12-22 08:30:00,1041.922603,995.529313,1041.292510,0.630093
2024-12-22 08:45:00,1068.875449,1027.112441,1063.975529,4.899920
2024-12-22 09:00:00,1093.521524,1064.162373,1090.779642,2.741882
2024-12-22 09:15:00,1127.762739,1108.557005,1120.049921,7.712818
2024-12-22 09:30:00,1149.928039,1131.158854,1150.550861,0.622822
2024-12-22 09:45:00,1171.331419,1131.158854,1170.705265,0.626154
2024-12-22 10:00:00,1195.781903,1176.756225,1190.199349,5.582554
2024-12-22 10:15:00,1217.078151,1205.635192,1214.834961,2.243190
2024-12-22 10:30:00,1238.984110,1224.210313,1233.895128,5.088982
2024-12-22 10:45:00,1256.597304,1238.040639,1251.633355,4.963949
2024-12-22 11:00:00,1265.568012,1240.302291,1263.692360,1.875652
2024-12-22 11:15:00,1268.809834,1240.302291,1271.381305,2.571471
2024-12-22 11:30:00,1274.066584,1240.302291,1273.256755,0.809829
2024-12-22 11:45:00,1271.545017,1240.302291,1269.851654,1.693363
2024-12-22 12:00:00,1269.404670,1240.302291,1265.015588,4.389082
2024-12-22 12:15:00,1262.356750,1236.220204,1262.803197,0.446447
2024-12-22 12:30:00,1252.622903,1229.915632,1252.794376,0.171473
2024-12-22 12:45:00,1244.003412,1215.158377,1238.782956,5.220456
2024-12-22 13:00:00,1213.541521,1194.887375,1220.150276,6.608755
2024-12-22 13:15:00,1194.884659,1181.155268,1198.780852,3.896193
2024-12-22 13:30:00,1181.344961,1181.155268,1189.107340,7.762379
2024-12-22 13:45:00,1168.458677,1181.155268,1177.389273,8.930596
2024-12-22 14:00:00,1159.860396,1181.436151,1165.968193,6.107797
2024-12-22 14:15:00,1148.947800,1177.678588,1157.707261,8.759461
2024-12-22 14:30:00,1146.349047,1179.964374,1145.426508,0.922539
2024-12-22 14:45:00,1136.253469,1179.964374,1139.356525,3.103056
2024-12-22 15:00:00,1130.326578,1179.964374,1132.990502,2.663924
2024-12-22 15:15:00,1123.290896,1178.687578,1123.274898,0.015998
2024-12-22 15:30:00,1113.658210,1173.913781,1116.680266,3.022056
2024-12-22 15:45:00,1105.067529,1166.120706,1106.637591,1.570062
2024-12-22 16:00:00,1098.167524,1144.155362,1100.536258,2.368734
2024-12-22 16:15:00,1086.157082,1140.319646,1091.427691,5.270609
2024-12-22 16:30:00,1080.211379,1134.046963,1081.126151,0.914772
2024-12-22 16:45:00,1080.473411,1134.046963,1073.960188,6.513223
2024-12-22 17:00:00,1083.764147,1134.046963,1076.389938,7.374209
2024-12-22 17:15:00,1093.193150,1134.046963,1081.830897,11.362253
2024-12-22 17:30:00,1104.733094,1137.260628,1101.983109,2.749985
2024-12-22 17:45:00,1131.282697,1147.370878,1120.959014,10.323683
2024-12-22 18:00:00,1171.359638,1178.122732,1169.364376,1.995262
2024-12-22 18:15:00,1206.122898,1190.255850,1210.203604,4.080706
2024-12-22 18:30:00,1220.444887,1225.647896,1225.389144,4.944257
2024-12-22 18:45:00,1223.936825,1230.725785,1234.177274,10.240449
2024-12-22 19:00:00,1221.800924,1227.907775,1225.014838,3.213914
2024-12-22 19:15:00,1217.660866,1227.829308,1212.976478,4.684388
2024-12-22 19:30:00,1210.413879,1210.565240,1212.811161,2.397282
2024-12-22 19:45:00,1203.721674,1198.312935,1207.143311,3.421637
2024-12-22 20:00:00,1199.102214,1195.816701,1191.937139,7.165075
2024-12-22 20:15:00,1194.149316,1195.816701,1189.233640,4.915676
2024-12-22 20:30:00,1187.725771,1195.816701,1186.258850,1.466921
2024-12-22 20:45:00,1178.020560,1195.816701,1180.052957,2.032397
2024-12-22 21:00:00,1169.463611,1188.268572,1166.983453,2.480158
2024-12-22 21:15:00,1158.932332,1187.349181,1156.616984,2.315348
2024-12-22 21:30:00,1147.140855,1173.335029,1147.734657,0.593802
2024-12-22 21:45:00,1136.242096,1162.801986,1138.078225,1.836129
2024-12-22 22:00:00,1117.678267,1140.093725,1123.404596,5.726329
2024-12-22 22:15:00,1105.286729,1132.546562,1101.668282,3.618447
2024-12-22 22:30:00,1093.108093,1129.429065,1093.531180,0.423087
2024-12-22 22:45:00,1079.867268,1129.429065,1081.736913,1.869645
2024-12-22 23:00:00,1063.168558,1091.998341,1062.988867,0.179691
2024-12-22 23:15:00,1049.101037,1079.994645,1049.351732,0.250695
2024-12-22 23:30:00,1032.913722,1075.533932,1038.290464,5.376742
2024-12-22 23:45:00,1020.164322,1074.365086,1005.127891,15.036431
2024-12-23 00:00:00,1001.913656,1039.189192,982.385462,19.528194
2024-12-23 00:15:00,987.112047,1029.683471,984.867691,2.244356
2024-12-23 00:30:00,969.985451,1011.021438,972.376617,2.391166
2024-12-23 00:45:00,951.892193,995.563604,956.300628,4.408435
2024-12-23 01:00:00,938.370378,956.511528,937.770806,0.599573
2024-12-23 01:15:00,923.954219,922.814716,920.968164,2.986055
2024-12-23 01:30:00,911.116609,906.834489,908.307648,2.808960
2024-12-23 01:45:00,900.039206,907.088577,902.008248,1.969041
2024-12-23 02:00:00,887.566380,882.329018,886.815856,0.750524
2024-12-23 02:15:00,876.740549,883.719426,876.680643,0.059906
2024-12-23 02:30:00,865.259453,872.184018,868.697600,3.438147
2024-12-23 02:45:00,856.080678,869.405406,856.324208,0.243530
2024-12-23 03:00:00,849.348139,867.874516,844.894331,4.453808
2024-12-23 03:15:00,843.637929,866.716175,843.182979,0.454950
2024-12-23 03:30:00,837.837660,857.292656,831.344298,6.493362
2024-12-23 03:45:00,834.375614,854.475003,831.577859,2.797755
2024-12-23 04:00:00,833.746016,850.651691,836.572873,2.826857
2024-12-23 04:15:00,835.844502,852.849048,840.001051,4.156549
2024-12-23 04:30:00,837.771348,852.849048,843.057754,5.286406
2024-12-23 04:45:00,842.621976,852.849048,844.536675,1.914700
2024-12-23 05:00:00,851.739427,855.023769,852.767282,1.027855
2024-12-23 05:15:00,865.601182,869.721660,869.422749,3.821567
2024-12-23 05:30:00,883.206299,888.360690,883.432523,0.226223
2024-12-23 05:45:00,902.723164,891.825518,909.035743,6.312579
2024-12-23 06:00:00,936.482934,942.231096,933.449657,3.033277
2024-12-23 06:15:00,963.943614,957.205925,956.875700,7.067914
2024-12-23 06:30:00,978.242276,960.345696,980.070381,1.828105
2024-12-23 06:45:00,991.752515,960.345696,992.025573,0.273058
2024-12-23 07:00:00,1023.584207,988.423358,1016.922978,6.661229
2024-12-23 07:15:00,1063.708463,1014.096492,1055.898073,7.810390
2024-12-23 07:30:00,1108.770015,1023.218662,1097.608488,11.161527
2024-12-23 07:45:00,1145.579785,1036.093922,1141.840802,3.738983
2024-12-23 08:00:00,1187.620007,1088.313256,1179.932641,7.687366
2024-12-23 08:15:00,1223.627417,1143.563686,1226.473246,2.845829
2024-12-23 08:30:00,1262.137342,1180.095720,1261.286956,0.850386
2024-12-23 08:45:00,1293.691000,1207.599148,1297.337879,3.646879
2024-12-23 09:00:00,1328.479395,1282.748574,1326.053917,2.425478
2024-12-23 09:15:00,1373.309699,1329.603654,1365.533711,7.775988
2024-12-23 09:30:00,1401.851137,1340.794193,1407.995492,6.144355
2024-12-23 09:45:00,1427.968829,1340.794193,1426.534789,1.434040
2024-12-23 10:00:00,1449.807057,1395.001174,1452.829263,3.022206
2024-12-23 10:15:00,1477.617584,1423.953403,1472.411186,5.206398
2024-12-23 10:30:00,1489.225110,1432.782544,1495.456607,6.231497
2024-12-23 10:45:00,1501.867115,1446.553653,1498.072804,3.794311
2024-12-23 11:00:00,1508.551018,1450.922838,1506.554504,1.996514
2024-12-23 11:15:00,1513.356488,1450.922838,1509.294466,4.062022
2024-12-23 11:30:00,1510.405882,1450.922838,1508.651181,1.754701
2024-12-23 11:45:00,1503.944292,1450.922838,1505.017600,1.073308
2024-12-23 12:00:00,1494.591301,1450.922838,1494.734965,0.143664
2024-12-23 12:15:00,1478.256294,1442.837243,1484.918303,6.662009
2024-12-23 12:30:00,1459.623509,1433.788574,1464.957680,5.334171
2024-12-23 12:45:00,1440.674464,1417.647231,1443.809388,3.134924
2024-12-23 13:00:00,1391.635341,1367.797575,1400.671294,9.035953
2024-12-23 13:15:00,1371.630364,1361.664598,1380.395457,8.765093
2024-12-23 13:30:00,1363.034974,1361.664598,1367.475606,4.440632
2024-12-23 13:45:00,1361.248290,1361.664598,1362.242944,0.994654
2024-12-23 14:00:00,1370.394006,1367.249088,1363.549356,6.844650
2024-12-23 14:15:00,1366.980462,1368.142159,1375.078666,8.098204
2024-12-23 14:30:00,1365.338102,1372.173289,1369.771687,4.433585
2024-12-23 14:45:00,1364.023032,1372.173289,1366.154210,2.131178
2024-12-23 15:00:00,1364.191598,1372.173289,1362.757012,1.434586
2024-12-23 15:15:00,1361.009357,1372.173289,1363.132480,2.123123
2024-12-23 15:30:00,1357.298872,1371.843105,1358.530778,1.231906
2024-12-23 15:45:00,1349.946060,1371.302794,1354.651291,4.705231
2024-12-23 16:00:00,1347.468336,1371.328613,1345.316677,2.151659
2024-12-23 16:15:00,1340.613159,1373.553399,1342.806709,2.193550
2024-12-23 16:30:00,1340.836064,1373.553399,1338.025655,2.810409
2024-12-23 16:45:00,1337.570412,1375.289571,1338.168611,0.598199
2024-12-23 17:00:00,1339.935438,1365.729543,1333.877026,6.058412
2024-12-23 17:15:00,1343.685706,1365.729543,1337.641576,6.044130
2024-12-23 17:30:00,1345.435324,1355.110783,1346.928527,1.493203
2024-12-23 17:45:00,1361.637023,1365.221033,1355.971551,5.665472
2024-12-23 18:00:00,1386.178216,1394.282937,1389.379037,3.200821
2024-12-23 18:15:00,1404.140432,1408.781848,1410.714911,6.574479
2024-12-23 18:30:00,1407.192268,1404.609447,1414.526054,7.333786
2024-12-23 18:45:00,1399.895648,1401.889421,1408.350400,8.454752
2024-12-23 19:00:00,1382.187063,1397.653357,1386.368788,4.181725
2024-12-23 19:15:00,1365.828371,1390.360465,1362.798278,3.030093
2024-12-23 19:30:00,1345.928299,1372.796197,1348.236126,2.307827
2024-12-23 19:45:00,1327.040992,1356.328634,1329.143317,2.102325
2024-12-23 20:00:00,1298.435512,1333.388010,1304.298141,5.862629
2024-12-23 20:15:00,1278.047442,1319.101672,1276.584881,1.462561
2024-12-23 20:30:00,1259.103038,1297.872709,1260.316602,1.213564
2024-12-23 20:45:00,1239.333894,1297.872709,1245.604682,6.270788
2024-12-23 21:00:00,1214.485567,1252.866205,1219.625820,5.140253
2024-12-23 21:15:00,1198.836264,1242.319481,1195.435357,3.400907
2024-12-23 21:30:00,1175.699424,1212.993316,1183.540283,7.840859
2024-12-23 21:45:00,1154.520664,1202.460273,1159.699485,5.178821
2024-12-23 22:00:00,1125.519143,1168.508762,1132.645265,7.126122
2024-12-23 22:15:00,1103.401430,1156.197473,1107.242757,3.841327
2024-12-23 22:30:00,1086.142757,1149.083974,1088.183064,2.040307
2024-12-23 22:45:00,1069.096650,1149.083974,1071.656154,2.559504
2024-12-23 23:00:00,1046.834668,1107.389623,1049.880598,3.045930
2024-12-23 23:15:00,1028.818602,1089.932606,1030.432618,1.614016
2024-12-23 23:30:00,1011.577592,1086.709055,1011.642352,0.064760
2024-12-23 23:45:00,995.158651,1085.540209,990.231966,4.926686
2024-12-24 00:00:00,973.885190,1036.128566,982.724847,8.839657
2024-12-24 00:15:00,957.746237,1023.872565,956.579369,1.166868
2024-12-24 00:30:00,942.636870,1006.972187,944.856192,2.219323
2024-12-24 00:45:00,926.524183,991.514352,926.108905,0.415278
2024-12-24 01:00:00,912.192540,954.824987,912.635945,0.443405
2024-12-24 01:15:00,899.025159,926.351299,900.982089,1.956930
2024-12-24 01:30:00,885.527607,910.892608,885.783359,0.255751
2024-12-24 01:45:00,872.013476,911.146696,877.055038,5.041562
2024-12-24 02:00:00,860.962160,886.387138,868.282177,7.320017
2024-12-24 02:15:00,847.608934,890.517695,856.647547,9.038613
2024-12-24 02:30:00,840.040002,877.816732,844.488765,4.448763
2024-12-24 02:45:00,832.237315,875.038119,830.426785,1.810531
2024-12-24 03:00:00,826.060814,873.507229,816.875743,9.185070
2024-12-24 03:15:00,819.429505,872.348888,817.279823,2.149682
2024-12-24 03:30:00,813.687620,862.925370,817.350772,3.663152
2024-12-24 03:45:00,809.302851,860.107716,804.712932,4.589919
2024-12-24 04:00:00,809.346690,856.284405,807.128235,2.218455
2024-12-24 04:15:00,809.150377,858.481761,810.299356,1.148979
2024-12-24 04:30:00,811.432972,858.481761,814.272863,2.839891
2024-12-24 04:45:00,815.227804,858.481761,815.671220,0.443416
2024-12-24 05:00:00,825.767952,860.656482,825.452551,0.315401
2024-12-24 05:15:00,836.164886,873.713291,841.337403,5.172517
2024-12-24 05:30:00,850.198340,890.596169,861.977094,11.778754
2024-12-24 05:45:00,869.202401,894.060997,876.696137,7.493736
2024-12-24 06:00:00,901.288426,944.466575,892.258183,9.030243
2024-12-24 06:15:00,925.905648,959.441404,920.949671,4.955977
2024-12-24 06:30:00,943.846098,962.581175,943.468515,0.377582
2024-12-24 06:45:00,960.727743,962.581175,955.369685,5.358058
2024-12-24 07:00:00,987.951151,990.487831,983.785432,4.165719
2024-12-24 07:15:00,1026.477367,1016.160965,1020.150237,6.327130
2024-12-24 07:30:00,1068.178897,1025.283134,1062.166164,6.012733
2024-12-24 07:45:00,1101.140273,1038.158394,1099.547555,1.592718
2024-12-24 08:00:00,1143.319338,1090.377728,1138.583961,4.735377
2024-12-24 08:15:00,1187.941192,1145.628158,1178.689062,9.252130
2024-12-24 08:30:00,1222.128379,1182.160192,1223.051895,0.923516
2024-12-24 08:45:00,1254.263284,1209.663621,1257.637293,3.374009
2024-12-24 09:00:00,1285.318631,1284.813047,1290.142041,4.823410
2024-12-24 09:15:00,1328.654827,1331.668126,1324.125535,4.529292
2024-12-24 09:30:00,1352.071117,1342.858665,1359.875224,7.804107
2024-12-24 09:45:00,1376.433659,1342.858665,1379.176341,2.742682
2024-12-24 10:00:00,1404.353680,1397.065646,1401.694432,2.659248
2024-12-24 10:15:00,1425.994110,1426.017875,1427.707868,1.713758
2024-12-24 10:30:00,1441.556161,1444.326560,1446.828953,5.272792
2024-12-24 10:45:00,1448.676680,1454.730305,1455.162947,6.486267
2024-12-24 11:00:00,1452.460072,1459.099490,1461.912545,9.452473
2024-12-24 11:15:00,1456.465958,1459.099490,1456.423140,0.042818
2024-12-24 11:30:00,1452.402656,1459.099490,1453.010274,0.607618
2024-12-24 11:45:00,1451.227523,1459.099490,1449.093229,2.134294
2024-12-24 12:00:00,1447.003536,1459.099490,1443.921743,3.081793
2024-12-24 12:15:00,1436.940140,1451.013894,1440.229371,3.289231
2024-12-24 12:30:00,1415.061714,1440.327905,1425.232572,10.170858
2024-12-24 12:45:00,1390.610363,1426.418223,1401.276672,10.666309
2024-12-24 13:00:00,1342.538187,1376.568567,1351.451559,8.913372
2024-12-24 13:15:00,1324.676836,1370.435590,1323.968855,0.707981
2024-12-24 13:30:00,1314.937042,1370.435590,1316.867733,1.930691
2024-12-24 13:45:00,1315.670826,1370.435590,1314.525703,1.145123
2024-12-24 14:00:00,1323.397891,1376.020080,1320.013780,3.384111
2024-12-24 14:15:00,1327.490600,1377.233409,1328.881233,1.390633
2024-12-24 14:30:00,1328.978876,1381.264540,1332.126446,3.147570
2024-12-24 14:45:00,1328.435166,1381.264540,1333.775594,5.340428
2024-12-24 15:00:00,1331.063726,1381.264540,1327.072809,3.990917
2024-12-24 15:15:00,1328.868344,1381.264540,1330.532645,1.664301
2024-12-24 15:30:00,1327.172239,1380.934355,1325.681549,1.490690
2024-12-24 15:45:00,1320.410717,1380.394044,1325.586325,5.175608
2024-12-24 16:00:00,1317.437494,1381.023504,1317.996842,0.559348
2024-12-24 16:15:00,1310.294306,1383.360114,1314.211873,3.917567
2024-12-24 16:30:00,1310.026641,1383.360114,1310.039207,0.012566
2024-12-24 16:45:00,1309.665480,1385.096286,1309.905730,0.240250
2024-12-24 17:00:00,1313.359199,1381.769055,1310.898588,2.460611
2024-12-24 17:15:00,1315.855308,1381.769055,1314.350191,1.505117
2024-12-24 17:30:00,1322.868442,1371.150296,1322.882761,0.014319
2024-12-24 17:45:00,1341.237784,1381.260546,1337.455494,3.782290
2024-12-24 18:00:00,1366.617974,1410.322449,1371.299880,4.681906
2024-12-24 18:15:00,1387.585961,1421.925705,1397.090631,9.504670
2024-12-24 18:30:00,1395.260121,1417.753303,1397.673844,2.413723
2024-12-24 18:45:00,1389.911261,1417.753303,1399.300553,9.389292
2024-12-24 19:00:00,1374.353882,1413.517239,1369.461277,4.892605
2024-12-24 19:15:00,1359.697306,1406.224347,1351.293703,8.403603
2024-12-24 19:30:00,1343.457550,1388.660079,1336.584022,6.873528
2024-12-24 19:45:00,1323.115084,1372.192516,1325.560803,2.445719
2024-12-24 20:00:00,1299.842812,1349.251892,1299.076602,0.766210
2024-12-24 20:15:00,1280.440894,1331.279467,1276.324372,4.116522
2024-12-24 20:30:00,1262.320167,1310.050504,1262.300949,0.019218
2024-12-24 20:45:00,1236.166956,1310.050504,1246.042885,9.875929
2024-12-24 21:00:00,1205.050376,1265.044000,1216.504105,11.453729
2024-12-24 21:15:00,1183.115302,1254.497276,1186.193506,3.078204
2024-12-24 21:30:00,1158.700946,1225.171111,1167.298632,8.597686
2024-12-24 21:45:00,1134.823919,1217.950939,1141.345292,6.521373
2024-12-24 22:00:00,1106.462366,1183.999428,1111.130230,4.667864
2024-12-24 22:15:00,1083.292056,1171.688139,1086.510979,3.218923
2024-12-24 22:30:00,1059.872458,1162.292960,1066.873735,7.001277
2024-12-24 22:45:00,1041.960327,1162.292960,1049.720975,7.760648
2024-12-24 23:00:00,1018.674872,1120.598609,1024.053869,5.378997
2024-12-24 23:15:00,999.019910,1102.425750,1002.657280,3.637370
2024-12-24 23:30:00,983.233822,1099.202199,979.546794,3.687028
2024-12-24 23:45:00,967.894832,1098.033353,957.326625,10.568207
2024-12-25 00:00:00,947.506766,1041.931448,948.726830,1.220064
2024-12-25 00:15:00,930.176270,1029.675447,932.772127,2.595858
2024-12-25 00:30:00,916.145602,1012.775068,912.929223,3.216379
2024-12-25 00:45:00,902.967735,997.317234,900.630925,2.336810
2024-12-25 01:00:00,889.251230,960.627869,893.934438,4.683209
2024-12-25 01:15:00,877.001720,932.154181,875.299579,1.702141
2024-12-25 01:30:00,864.314286,916.695490,866.219921,1.905635
2024-12-25 01:45:00,853.384292,916.949578,854.927854,1.543563
2024-12-25 02:00:00,841.458528,892.190019,843.211368,1.752840
2024-12-25 02:15:00,830.762543,896.320576,829.826703,0.935841
2024-12-25 02:30:00,823.015098,883.619613,815.546757,7.468342
2024-12-25 02:45:00,812.805556,880.841001,815.152374,2.346818
2024-12-25 03:00:00,805.484394,879.310111,803.985903,1.498491
2024-12-25 03:15:00,800.382378,878.151770,804.256358,3.873980
2024-12-25 03:30:00,794.701226,868.069111,789.129796,5.571429
2024-12-25 03:45:00,791.135090,865.251457,789.064522,2.070568
2024-12-25 04:00:00,790.064460,861.428146,789.673632,0.390828
2024-12-25 04:15:00,789.187510,863.625502,792.947372,3.759862
2024-12-25 04:30:00,791.438588,863.625502,794.880137,3.441549
2024-12-25 04:45:00,794.599727,863.625502,796.459622,1.859895
2024-12-25 05:00:00,800.591173,865.800223,806.927436,6.336263
2024-12-25 05:15:00,806.992692,878.857032,807.509895,0.517204
2024-12-25 05:30:00,814.944561,894.830955,829.168258,14.223697
2024-12-25 05:45:00,824.413679,898.295784,829.971978,5.558299
2024-12-25 06:00:00,842.848925,948.701361,850.108894,7.259969
2024-12-25 06:15:00,859.404861,963.676190,860.886641,1.481780
2024-12-25 06:30:00,867.988082,966.815961,878.876911,10.888829
2024-12-25 06:45:00,873.903865,966.815961,880.547412,6.643546
2024-12-25 07:00:00,886.579986,994.722617,899.649184,13.069198
2024-12-25 07:15:00,912.300222,1020.395751,919.139035,6.838813
2024-12-25 07:30:00,937.725875,1029.517920,948.549216,10.823341
2024-12-25 07:45:00,966.986370,1042.393181,965.398433,1.587938
2024-12-25 08:00:00,994.961463,1094.612515,998.964078,4.002615
2024-12-25 08:15:00,1023.807798,1149.862945,1028.178601,4.370803
2024-12-25 08:30:00,1054.976061,1186.394979,1056.155781,1.179720
2024-12-25 08:45:00,1089.680870,1213.898407,1086.956700,2.724170
2024-12-25 09:00:00,1126.502392,1289.047833,1122.182687,4.319705
2024-12-25 09:15:00,1168.256472,1335.902913,1161.853891,6.402581
2024-12-25 09:30:00,1205.652159,1347.093452,1196.189245,9.462914
2024-12-25 09:45:00,1232.168384,1347.093452,1230.513099,1.655285
2024-12-25 10:00:00,1263.061706,1401.300433,1252.806952,10.254754
2024-12-25 10:15:00,1291.777575,1430.252661,1285.641694,6.135881
2024-12-25 10:30:00,1317.858085,1448.561347,1311.032550,6.825535
2024-12-25 10:45:00,1330.788946,1458.965091,1337.762589,6.973643
2024-12-25 11:00:00,1333.716231,1463.334276,1345.468910,11.752679
2024-12-25 11:15:00,1336.787870,1463.334276,1340.332597,3.544727
2024-12-25 11:30:00,1342.850886,1463.334276,1340.381259,2.469627
2024-12-25 11:45:00,1344.094848,1463.334276,1346.071068,1.976220
2024-12-25 12:00:00,1345.144340,1463.334276,1341.512297,3.632043
2024-12-25 12:15:00,1337.015442,1455.248681,1339.386716,2.371274
2024-12-25 12:30:00,1324.612687,1444.562692,1325.190287,0.577600
2024-12-25 12:45:00,1305.245088,1430.653009,1310.397187,5.152099
2024-12-25 13:00:00,1255.907158,1380.803353,1273.135952,17.228794
2024-12-25 13:15:00,1239.258228,1374.670376,1236.878897,2.379331
2024-12-25 13:30:00,1230.217545,1374.670376,1234.345813,4.128268
2024-12-25 13:45:00,1221.303949,1374.670376,1231.724078,10.420129
2024-12-25 14:00:00,1223.695347,1380.254867,1226.186700,2.491353
2024-12-25 14:15:00,1224.136723,1381.468196,1227.579130,3.442407
2024-12-25 14:30:00,1222.232148,1385.499326,1224.498182,2.266034
2024-12-25 14:45:00,1215.651362,1385.499326,1220.311922,4.660560
2024-12-25 15:00:00,1213.434219,1385.499326,1213.644612,0.210393
2024-12-25 15:15:00,1209.979853,1385.499326,1210.448774,0.468921
2024-12-25 15:30:00,1207.811558,1386.243445,1207.460887,0.350671
2024-12-25 15:45:00,1202.321670,1385.703135,1205.308816,2.987146
2024-12-25 16:00:00,1199.456178,1387.651941,1203.200496,3.744318
2024-12-25 16:15:00,1196.597223,1389.988551,1199.279952,2.682729
2024-12-25 16:30:00,1197.856480,1389.988551,1197.131071,0.725409
2024-12-25 16:45:00,1198.793206,1391.724723,1197.274027,1.519179
2024-12-25 17:00:00,1203.035210,1388.397493,1201.275365,1.759845
2024-12-25 17:15:00,1210.070812,1388.397493,1207.312472,2.758340
2024-12-25 17:30:00,1217.025064,1377.778733,1216.660018,0.365046
2024-12-25 17:45:00,1236.040812,1387.888983,1233.186064,2.854748
2024-12-25 18:00:00,1267.396388,1416.950887,1267.677973,0.281585
2024-12-25 18:15:00,1301.607590,1428.554142,1295.435055,6.172535
2024-12-25 18:30:00,1315.436989,1424.381741,1323.391489,7.954500
2024-12-25 18:45:00,1313.720205,1424.381741,1327.257800,13.537595
2024-12-25 19:00:00,1302.573636,1420.145676,1301.698189,0.875447
2024-12-25 19:15:00,1292.737958,1412.852785,1279.292905,13.445053
2024-12-25 19:30:00,1277.676570,1395.288516,1273.776964,3.899606
2024-12-25 19:45:00,1261.128512,1378.820954,1260.695178,0.433334
2024-12-25 20:00:00,1240.422027,1355.880330,1241.632072,1.210045
2024-12-25 20:15:00,1229.954901,1337.907905,1219.020685,10.934216
2024-12-25 20:30:00,1212.734115,1316.678941,1215.118687,2.384572
2024-12-25 20:45:00,1195.742896,1316.678941,1196.313157,0.570261
2024-12-25 21:00:00,1161.908752,1271.672438,1175.623559,13.714807
2024-12-25 21:15:00,1146.097526,1261.654277,1141.876288,4.221238
2024-12-25 21:30:00,1129.622264,1232.328111,1126.658518,2.963746
2024-12-25 21:45:00,1109.631560,1225.107940,1111.895932,2.264372
2024-12-25 22:00:00,1086.940632,1191.156428,1086.610622,0.330010
2024-12-25 22:15:00,1069.632068,1178.845139,1065.636880,3.995188
2024-12-25 22:30:00,1052.898644,1169.449961,1056.609227,3.710583
2024-12-25 22:45:00,1036.006202,1169.449961,1039.060823,3.054621
2024-12-25 23:00:00,1012.760936,1127.755610,1018.737018,5.976082
2024-12-25 23:15:00,998.944136,1109.582751,995.769052,3.175084
2024-12-25 23:30:00,984.139652,1106.359200,980.269304,3.870349
2024-12-25 23:45:00,967.874298,1105.190353,951.385793,16.488505
2024-12-26 00:00:00,949.029036,1064.567340,948.337013,0.692024
2024-12-26 00:15:00,933.003891,1052.311339,931.179562,1.824329
2024-12-26 00:30:00,916.737202,1035.410960,920.221152,3.483950
2024-12-26 00:45:00,903.469934,1019.953126,899.613576,3.856358
2024-12-26 01:00:00,887.633678,980.520092,891.614646,3.980968
2024-12-26 01:15:00,874.899242,952.046404,872.979787,1.919455
2024-12-26 01:30:00,862.993119,936.587713,863.868065,0.874946
2024-12-26 01:45:00,851.959877,936.841801,850.411204,1.548673
2024-12-26 02:00:00,841.455005,912.082243,839.619413,1.835592
2024-12-26 02:15:00,830.082741,916.212799,828.362205,1.720536
2024-12-26 02:30:00,820.656856,903.511836,814.661467,5.995389
2024-12-26 02:45:00,813.662803,900.733224,814.267084,0.604282
2024-12-26 03:00:00,806.183640,896.550945,803.100613,3.083027
2024-12-26 03:15:00,800.019122,895.392604,803.371068,3.351946
2024-12-26 03:30:00,796.932248,885.309945,785.873394,11.058854
2024-12-26 03:45:00,792.238639,882.492291,784.779925,7.458715
2024-12-26 04:00:00,792.996838,878.668980,787.238258,5.758580
2024-12-26 04:15:00,793.527242,880.866336,790.511998,3.015244
2024-12-26 04:30:00,798.560640,880.866336,792.444763,6.115876
2024-12-26 04:45:00,803.122377,880.866336,793.906582,9.215795
2024-12-26 05:00:00,810.396946,883.041057,825.014365,14.617419
2024-12-26 05:15:00,820.230496,896.097866,826.056819,5.826323
2024-12-26 05:30:00,831.510199,912.071790,842.189030,10.678831
2024-12-26 05:45:00,846.843643,915.536618,842.330261,4.513382
2024-12-26 06:00:00,875.142683,963.633342,875.608883,0.466200
2024-12-26 06:15:00,898.801472,978.608171,894.442108,4.359364
2024-12-26 06:30:00,917.118891,981.747942,909.551967,7.566924
2024-12-26 06:45:00,934.399113,981.747942,928.983462,5.415650
2024-12-26 07:00:00,964.155493,1009.537048,955.095933,9.059560
2024-12-26 07:15:00,1006.372995,1035.210182,995.538937,10.834058
2024-12-26 07:30:00,1045.409051,1047.314858,1042.666135,2.742916
2024-12-26 07:45:00,1078.863664,1060.190119,1078.511554,0.352110
2024-12-26 08:00:00,1124.896432,1112.409453,1115.605013,9.291419
2024-12-26 08:15:00,1168.362429,1167.659883,1162.973032,5.389397
2024-12-26 08:30:00,1205.026019,1204.191917,1201.967104,3.058915
2024-12-26 08:45:00,1241.401268,1231.695345,1239.100836,2.300432
2024-12-26 09:00:00,1280.117661,1306.844771,1278.080074,2.037587
2024-12-26 09:15:00,1315.979730,1353.699851,1313.861887,2.117843
2024-12-26 09:30:00,1353.823516,1364.890390,1343.295247,10.528269
2024-12-26 09:45:00,1377.530144,1364.890390,1377.546116,0.015972
2024-12-26 10:00:00,1398.493479,1419.097371,1400.819086,2.325607
2024-12-26 10:15:00,1424.564118,1448.049599,1417.478366,7.085752
2024-12-26 10:30:00,1446.962654,1459.883446,1441.737876,5.224778
2024-12-26 10:45:00,1455.016488,1470.287190,1460.882129,5.865641
2024-12-26 11:00:00,1461.322829,1474.656375,1466.924022,5.601193
2024-12-26 11:15:00,1467.451558,1476.891445,1462.037981,5.413577
2024-12-26 11:30:00,1465.538857,1476.891445,1463.889844,1.649013
2024-12-26 11:45:00,1462.247538,1476.891445,1457.549885,4.697653
2024-12-26 12:00:00,1456.079504,1476.891445,1453.793278,2.286226
2024-12-26 12:15:00,1444.849318,1468.805849,1447.547198,2.697880
2024-12-26 12:30:00,1428.314362,1458.119860,1427.404478,0.909884
2024-12-26 12:45:00,1409.858520,1444.210178,1414.551119,4.692599
2024-12-26 13:00:00,1353.867283,1394.360522,1365.192972,11.325689
2024-12-26 13:15:00,1337.487678,1388.227544,1333.240915,4.246763
2024-12-26 13:30:00,1329.827102,1388.227544,1327.959008,1.868094
2024-12-26 13:45:00,1325.592701,1388.227544,1327.922544,2.329843
2024-12-26 14:00:00,1334.092376,1393.812035,1323.736311,10.356065
2024-12-26 14:15:00,1338.176765,1395.025364,1336.864601,1.312164
2024-12-26 14:30:00,1341.620186,1399.056494,1340.394169,1.226017
2024-12-26 14:45:00,1340.600745,1399.056494,1341.281041,0.680296
2024-12-26 15:00:00,1340.152423,1399.056494,1339.865678,0.286745
2024-12-26 15:15:00,1340.566160,1401.704258,1335.511973,5.054187
2024-12-26 15:30:00,1335.118663,1401.277763,1336.837082,1.718419
2024-12-26 15:45:00,1333.430525,1400.737452,1331.142505,2.288020
2024-12-26 16:00:00,1326.795441,1400.407014,1330.105537,3.310096
2024-12-26 16:15:00,1327.508162,1415.334617,1321.219917,6.288245
2024-12-26 16:30:00,1330.903560,1415.334617,1323.961253,6.942307
2024-12-26 16:45:00,1332.576926,1417.070789,1328.686347,3.890579
2024-12-26 17:00:00,1334.040274,1409.542240,1333.599539,0.440735
2024-12-26 17:15:00,1337.244013,1409.542240,1333.897679,3.346334
2024-12-26 17:30:00,1343.875789,1398.923481,1340.492720,3.383069
2024-12-26 17:45:00,1358.212305,1409.033731,1355.352087,2.860218
2024-12-26 18:00:00,1383.282272,1438.095634,1384.308163,1.025891
2024-12-26 18:15:00,1408.699566,1451.647532,1411.175307,2.475741
2024-12-26 18:30:00,1415.265582,1447.475130,1418.012930,2.747348
2024-12-26 18:45:00,1407.433892,1447.475130,1416.364706,8.930814
2024-12-26 19:00:00,1390.860358,1443.239066,1388.326098,2.534260
2024-12-26 19:15:00,1375.158095,1435.946174,1368.902161,6.255934
2024-12-26 19:30:00,1356.786619,1418.381906,1353.057744,3.728875
2024-12-26 19:45:00,1335.948006,1401.914343,1336.283035,0.335029
2024-12-26 20:00:00,1305.406796,1378.973719,1313.382105,7.975309
2024-12-26 20:15:00,1281.593672,1359.829298,1282.319394,0.725722
2024-12-26 20:30:00,1266.496479,1338.600334,1260.551023,5.945456
2024-12-26 20:45:00,1243.055354,1338.600334,1247.463923,4.408569
2024-12-26 21:00:00,1214.095603,1287.315051,1220.847913,6.752310
2024-12-26 21:15:00,1192.123870,1277.296890,1193.753980,1.630110
2024-12-26 21:30:00,1172.888101,1247.970725,1172.071017,0.817084
2024-12-26 21:45:00,1153.750345,1240.750553,1153.423654,0.326691
2024-12-26 22:00:00,1124.880626,1206.799042,1130.884919,6.004293
2024-12-26 22:15:00,1108.488679,1194.487753,1103.171453,5.317226
2024-12-26 22:30:00,1091.535782,1185.092574,1093.904045,2.368263
2024-12-26 22:45:00,1072.483446,1185.092574,1076.602604,4.119158
2024-12-26 23:00:00,1051.487283,1143.398223,1053.353437,1.866154
2024-12-26 23:15:00,1032.582261,1125.225364,1033.873354,1.291093
2024-12-26 23:30:00,1014.475221,1122.001813,1014.984841,0.509620
2024-12-26 23:45:00,995.952854,1120.832967,1001.774972,5.822118
2024-12-27 00:00:00,976.178051,1068.233349,982.192894,6.014844
