datetime,demand,actual_class,predicted_class
2024-12-15 04:45:00,857.9438864,low,low
2024-12-15 05:00:00,862.118148,low,low
2024-12-15 05:15:00,865.921176,low,low
2024-12-15 05:30:00,868.8380944,low,low
2024-12-15 05:45:00,874.6015072,low,low
2024-12-15 06:00:00,889.5089848,low,low
2024-12-15 06:15:00,894.6719264,low,low
2024-12-15 06:30:00,898.7517448,low,low
2024-12-15 06:45:00,895.7620316,low,low
2024-12-15 07:00:00,904.8819752,low,low
2024-12-15 07:15:00,922.9471432,low,low
2024-12-15 07:30:00,940.6066972,low,low
2024-12-15 07:45:00,960.4885992,low,low
2024-12-15 08:00:00,978.9041708,low,low
2024-12-15 08:15:00,1000.941356,low,low
2024-12-15 08:30:00,1020.290404,low,low
2024-12-15 08:45:00,1040.17291,low,low
2024-12-15 09:00:00,1064.215016,low,low
2024-12-15 09:15:00,1095.680237,low,low
2024-12-15 09:30:00,1110.985099,low,low
2024-12-15 09:45:00,1117.035672,low,low
2024-12-15 10:00:00,1137.932953,low,medium
2024-12-15 10:15:00,1159.7265,low,medium
2024-12-15 10:30:00,1181.382252,low,medium
2024-12-15 10:45:00,1189.519373,low,medium
2024-12-15 11:00:00,1199.855734,medium,medium
2024-12-15 11:15:00,1208.15848,medium,medium
2024-12-15 11:30:00,1211.27944,medium,medium
2024-12-15 11:45:00,1211.900264,medium,medium
2024-12-15 12:00:00,1213.873502,medium,medium
2024-12-15 12:15:00,1212.261503,medium,medium
2024-12-15 12:30:00,1216.387454,medium,medium
2024-12-15 12:45:00,1224.081791,medium,medium
2024-12-15 13:00:00,1199.59887,low,medium
2024-12-15 13:15:00,1187.366133,low,medium
2024-12-15 13:30:00,1180.809724,low,medium
2024-12-15 13:45:00,1170.92124,low,medium
2024-12-15 14:00:00,1167.625122,low,low
2024-12-15 14:15:00,1161.053681,low,low
2024-12-15 14:30:00,1158.61072,low,low
2024-12-15 14:45:00,1153.02347,low,low
2024-12-15 15:00:00,1151.173295,low,low
2024-12-15 15:15:00,1144.880926,low,low
2024-12-15 15:30:00,1136.24547,low,low
2024-12-15 15:45:00,1129.706378,low,low
2024-12-15 16:00:00,1125.244022,low,low
2024-12-15 16:15:00,1118.578982,low,low
2024-12-15 16:30:00,1118.61584,low,low
2024-12-15 16:45:00,1114.508132,low,low
2024-12-15 17:00:00,1117.255326,low,low
2024-12-15 17:15:00,1121.771876,low,low
2024-12-15 17:30:00,1131.879879,low,low
2024-12-15 17:45:00,1148.897792,low,low
2024-12-15 18:00:00,1188.30839,low,low
2024-12-15 18:15:00,1228.221366,medium,medium
2024-12-15 18:30:00,1239.717546,medium,medium
2024-12-15 18:45:00,1238.909893,medium,medium
2024-12-15 19:00:00,1234.661569,medium,medium
2024-12-15 19:15:00,1228.98516,medium,medium
2024-12-15 19:30:00,1219.564844,medium,medium
2024-12-15 19:45:00,1215.668751,medium,medium
2024-12-15 20:00:00,1208.708742,medium,medium
2024-12-15 20:15:00,1200.218362,medium,medium
2024-12-15 20:30:00,1195.565069,low,medium
2024-12-15 20:45:00,1189.285908,low,medium
2024-12-15 21:00:00,1176.054781,low,medium
2024-12-15 21:15:00,1166.023453,low,medium
2024-12-15 21:30:00,1155.803807,low,low
2024-12-15 21:45:00,1140.928439,low,low
2024-12-15 22:00:00,1123.751164,low,low
2024-12-15 22:15:00,1111.443723,low,low
2024-12-15 22:30:00,1100.198838,low,low
2024-12-15 22:45:00,1086.279606,low,low
2024-12-15 23:00:00,1072.610322,low,low
2024-12-15 23:15:00,1062.180428,low,low
2024-12-15 23:30:00,1049.250244,low,low
2024-12-15 23:45:00,1034.743585,low,low
2024-12-16 00:00:00,1016.566733,low,low
2024-12-16 00:15:00,1000.171907,low,low
2024-12-16 00:30:00,981.1805728,low,low
2024-12-16 00:45:00,966.4145908,low,low
2024-12-16 01:00:00,949.72278,low,low
2024-12-16 01:15:00,935.1599228,low,low
2024-12-16 01:30:00,921.5569388,low,low
2024-12-16 01:45:00,907.294148,low,low
2024-12-16 02:00:00,894.0784268,low,low
2024-12-16 02:15:00,882.1993736,low,low
2024-12-16 02:30:00,870.2227828,low,low
2024-12-16 02:45:00,861.4703028,low,low
2024-12-16 03:00:00,852.0506448,low,low
2024-12-16 03:15:00,845.107804,low,low
2024-12-16 03:30:00,837.4206896,low,low
2024-12-16 03:45:00,831.3381196,low,low
2024-12-16 04:00:00,831.4553304,low,low
2024-12-16 04:15:00,831.2684108,low,low
2024-12-16 04:30:00,833.7285376,low,low
2024-12-16 04:45:00,837.37042,low,low
2024-12-16 05:00:00,847.3081496,low,low
2024-12-16 05:15:00,862.3773196,low,low
2024-12-16 05:30:00,885.4786648,low,low
2024-12-16 05:45:00,915.3129556,low,low
2024-12-16 06:00:00,956.3931768,low,low
2024-12-16 06:15:00,980.788964,low,low
2024-12-16 06:30:00,987.160382,low,low
2024-12-16 06:45:00,997.6677008,low,low
2024-12-16 07:00:00,1020.143968,low,low
2024-12-16 07:15:00,1056.754965,low,low
2024-12-16 07:30:00,1088.591574,low,low
2024-12-16 07:45:00,1115.589069,low,low
2024-12-16 08:00:00,1152.606092,low,low
2024-12-16 08:15:00,1191.283324,low,medium
2024-12-16 08:30:00,1222.82538,medium,medium
2024-12-16 08:45:00,1257.365056,medium,medium
2024-12-16 09:00:00,1281.937776,medium,medium
2024-12-16 09:15:00,1317.105716,medium,medium
2024-12-16 09:30:00,1345.004132,medium,medium
2024-12-16 09:45:00,1373.558684,medium,medium
2024-12-16 10:00:00,1410.48401,medium,medium
2024-12-16 10:15:00,1430.938757,medium,high
2024-12-16 10:30:00,1450.982226,high,high
2024-12-16 10:45:00,1461.046574,high,high
2024-12-16 11:00:00,1469.471786,high,high
2024-12-16 11:15:00,1471.003821,high,high
2024-12-16 11:30:00,1466.698275,high,high
2024-12-16 11:45:00,1461.402902,high,high
2024-12-16 12:00:00,1448.57577,high,high
2024-12-16 12:15:00,1435.502448,medium,high
2024-12-16 12:30:00,1414.337916,medium,high
2024-12-16 12:45:00,1401.540132,medium,high
2024-12-16 13:00:00,1356.273163,medium,medium
2024-12-16 13:15:00,1348.6162,medium,medium
2024-12-16 13:30:00,1344.510678,medium,medium
2024-12-16 13:45:00,1343.071929,medium,medium
2024-12-16 14:00:00,1356.566839,medium,medium
2024-12-16 14:15:00,1362.768976,medium,medium
2024-12-16 14:30:00,1367.191257,medium,medium
2024-12-16 14:45:00,1369.961199,medium,medium
2024-12-16 15:00:00,1373.951146,medium,medium
2024-12-16 15:15:00,1377.304021,medium,medium
2024-12-16 15:30:00,1374.389832,medium,medium
2024-12-16 15:45:00,1369.263822,medium,medium
2024-12-16 16:00:00,1370.41321,medium,medium
2024-12-16 16:15:00,1364.138192,medium,medium
2024-12-16 16:30:00,1367.950273,medium,medium
2024-12-16 16:45:00,1363.32108,medium,medium
2024-12-16 17:00:00,1366.468468,medium,medium
2024-12-16 17:15:00,1361.057517,medium,medium
2024-12-16 17:30:00,1360.008212,medium,medium
2024-12-16 17:45:00,1373.852981,medium,medium
2024-12-16 18:00:00,1399.577639,medium,medium
2024-12-16 18:15:00,1429.954845,medium,medium
2024-12-16 18:30:00,1437.019779,medium,medium
2024-12-16 18:45:00,1428.73233,medium,medium
2024-12-16 19:00:00,1409.54382,medium,medium
2024-12-16 19:15:00,1390.089277,medium,medium
2024-12-16 19:30:00,1372.327061,medium,medium
2024-12-16 19:45:00,1351.611571,medium,medium
2024-12-16 20:00:00,1326.678425,medium,medium
2024-12-16 20:15:00,1310.212925,medium,medium
2024-12-16 20:30:00,1289.621826,medium,medium
2024-12-16 20:45:00,1268.87499,medium,medium
2024-12-16 21:00:00,1236.23113,medium,medium
2024-12-16 21:15:00,1215.22643,medium,medium
2024-12-16 21:30:00,1199.714358,medium,medium
2024-12-16 21:45:00,1181.04036,low,medium
2024-12-16 22:00:00,1148.491317,low,medium
2024-12-16 22:15:00,1129.585011,low,low
2024-12-16 22:30:00,1113.477686,low,low
2024-12-16 22:45:00,1098.825645,low,low
2024-12-16 23:00:00,1080.503673,low,low
2024-12-16 23:15:00,1062.8065,low,low
2024-12-16 23:30:00,1046.680554,low,low
2024-12-16 23:45:00,1028.764743,low,low
2024-12-17 00:00:00,1005.092767,low,low
2024-12-17 00:15:00,986.8517804,low,low
2024-12-17 00:30:00,968.7253828,low,low
2024-12-17 00:45:00,952.4379516,low,low
2024-12-17 01:00:00,935.9512064,low,low
2024-12-17 01:15:00,919.1519892,low,low
2024-12-17 01:30:00,906.0076168,low,low
2024-12-17 01:45:00,894.89836,low,low
2024-12-17 02:00:00,883.8142024,low,low
2024-12-17 02:15:00,874.5951864,low,low
2024-12-17 02:30:00,864.6802224,low,low
2024-12-17 02:45:00,856.3426024,low,low
2024-12-17 03:00:00,847.035154,low,low
2024-12-17 03:15:00,839.1150464,low,low
2024-12-17 03:30:00,833.7470368,low,low
2024-12-17 03:45:00,830.6445404,low,low
2024-12-17 04:00:00,829.9386276,low,low
2024-12-17 04:15:00,828.7196448,low,low
2024-12-17 04:30:00,830.5062696,low,low
2024-12-17 04:45:00,835.9036604,low,low
2024-12-17 05:00:00,847.4103904,low,low
2024-12-17 05:15:00,863.2527968,low,low
2024-12-17 05:30:00,883.9284308,low,low
2024-12-17 05:45:00,914.0164328,low,low
2024-12-17 06:00:00,957.75355,low,low
2024-12-17 06:15:00,986.4316096,low,low
2024-12-17 06:30:00,995.6492624,low,low
2024-12-17 06:45:00,1004.874385,low,low
2024-12-17 07:00:00,1028.277229,low,low
2024-12-17 07:15:00,1061.542471,low,low
2024-12-17 07:30:00,1093.386647,low,low
2024-12-17 07:45:00,1122.453805,low,low
2024-12-17 08:00:00,1160.513263,low,low
2024-12-17 08:15:00,1197.25,low,medium
2024-12-17 08:30:00,1236.317426,medium,medium
2024-12-17 08:45:00,1260.690497,medium,medium
2024-12-17 09:00:00,1287.613048,medium,medium
2024-12-17 09:15:00,1319.959306,medium,medium
2024-12-17 09:30:00,1343.45337,medium,medium
2024-12-17 09:45:00,1375.846305,medium,medium
2024-12-17 10:00:00,1399.222699,medium,medium
2024-12-17 10:15:00,1420.718655,medium,high
2024-12-17 10:30:00,1437.602994,medium,high
2024-12-17 10:45:00,1447.353542,high,high
2024-12-17 11:00:00,1457.358216,high,high
2024-12-17 11:15:00,1460.697675,high,high
2024-12-17 11:30:00,1459.4868,high,high
2024-12-17 11:45:00,1451.465479,high,high
2024-12-17 12:00:00,1442.999505,medium,high
2024-12-17 12:15:00,1432.63195,medium,high
2024-12-17 12:30:00,1415.426206,medium,high
2024-12-17 12:45:00,1399.274455,medium,high
2024-12-17 13:00:00,1357.830564,medium,medium
2024-12-17 13:15:00,1345.769008,medium,medium
2024-12-17 13:30:00,1344.006867,medium,medium
2024-12-17 13:45:00,1343.262126,medium,medium
2024-12-17 14:00:00,1355.136144,medium,medium
2024-12-17 14:15:00,1360.594398,medium,medium
2024-12-17 14:30:00,1367.651934,medium,medium
2024-12-17 14:45:00,1372.358734,medium,medium
2024-12-17 15:00:00,1375.741584,medium,medium
2024-12-17 15:15:00,1375.439597,medium,medium
2024-12-17 15:30:00,1377.017004,medium,medium
2024-12-17 15:45:00,1372.799248,medium,medium
2024-12-17 16:00:00,1373.02012,medium,medium
2024-12-17 16:15:00,1372.624942,medium,medium
2024-12-17 16:30:00,1377.810425,medium,medium
2024-12-17 16:45:00,1373.096189,medium,medium
2024-12-17 17:00:00,1371.972322,medium,medium
2024-12-17 17:15:00,1373.954933,medium,medium
2024-12-17 17:30:00,1378.667721,medium,medium
2024-12-17 17:45:00,1392.83755,medium,medium
2024-12-17 18:00:00,1419.352056,medium,medium
2024-12-17 18:15:00,1447.201041,high,medium
2024-12-17 18:30:00,1449.609432,high,medium
2024-12-17 18:45:00,1442.118434,medium,medium
2024-12-17 19:00:00,1422.559122,medium,medium
2024-12-17 19:15:00,1396.643516,medium,medium
2024-12-17 19:30:00,1382.255108,medium,medium
2024-12-17 19:45:00,1364.293276,medium,medium
2024-12-17 20:00:00,1341.308785,medium,medium
2024-12-17 20:15:00,1322.598626,medium,medium
2024-12-17 20:30:00,1306.786323,medium,medium
2024-12-17 20:45:00,1286.291746,medium,medium
2024-12-17 21:00:00,1256.466593,medium,medium
2024-12-17 21:15:00,1236.406952,medium,medium
2024-12-17 21:30:00,1213.371714,medium,medium
2024-12-17 21:45:00,1184.486275,low,medium
2024-12-17 22:00:00,1161.606091,low,medium
2024-12-17 22:15:00,1139.936765,low,low
2024-12-17 22:30:00,1119.490473,low,low
2024-12-17 22:45:00,1103.080028,low,low
2024-12-17 23:00:00,1079.049807,low,low
2024-12-17 23:15:00,1058.308027,low,low
2024-12-17 23:30:00,1039.299906,low,low
2024-12-17 23:45:00,1023.405096,low,low
2024-12-18 00:00:00,999.2759172,low,low
2024-12-18 00:15:00,979.9202568,low,low
2024-12-18 00:30:00,963.343656,low,low
2024-12-18 00:45:00,944.7240968,low,low
2024-12-18 01:00:00,929.34755,low,low
2024-12-18 01:15:00,911.7015452,low,low
2024-12-18 01:30:00,898.1480228,low,low
2024-12-18 01:45:00,886.070398,low,low
2024-12-18 02:00:00,875.1473992,low,low
2024-12-18 02:15:00,863.5101128,low,low
2024-12-18 02:30:00,854.638824,low,low
2024-12-18 02:45:00,843.7510596,low,low
2024-12-18 03:00:00,836.1260096,low,low
2024-12-18 03:15:00,829.276452,low,low
2024-12-18 03:30:00,823.8678912,low,low
2024-12-18 03:45:00,820.0152212,low,low
2024-12-18 04:00:00,817.9669524,low,low
2024-12-18 04:15:00,819.514268,low,low
2024-12-18 04:30:00,823.094522,low,low
2024-12-18 04:45:00,827.584802,low,low
2024-12-18 05:00:00,839.6153416,low,low
2024-12-18 05:15:00,855.910636,low,low
2024-12-18 05:30:00,877.9647824,low,low
2024-12-18 05:45:00,907.0365052,low,low
2024-12-18 06:00:00,952.2780468,low,low
2024-12-18 06:15:00,979.2601372,low,low
2024-12-18 06:30:00,990.8617452,low,low
2024-12-18 06:45:00,998.4051284,low,low
2024-12-18 07:00:00,1026.116233,low,low
2024-12-18 07:15:00,1062.002002,low,low
2024-12-18 07:30:00,1096.075556,low,low
2024-12-18 07:45:00,1123.138252,low,low
2024-12-18 08:00:00,1164.493822,low,low
2024-12-18 08:15:00,1203.176566,medium,medium
2024-12-18 08:30:00,1236.735191,medium,medium
2024-12-18 08:45:00,1259.854514,medium,medium
2024-12-18 09:00:00,1289.600615,medium,medium
2024-12-18 09:15:00,1326.225829,medium,medium
2024-12-18 09:30:00,1359.651321,medium,medium
2024-12-18 09:45:00,1378.010264,medium,medium
2024-12-18 10:00:00,1403.465311,medium,medium
2024-12-18 10:15:00,1424.597453,medium,medium
2024-12-18 10:30:00,1440.006428,medium,medium
2024-12-18 10:45:00,1454.66354,high,medium
2024-12-18 11:00:00,1460.205577,high,high
2024-12-18 11:15:00,1463.470211,high,high
2024-12-18 11:30:00,1456.097324,high,high
2024-12-18 11:45:00,1453.656385,high,high
2024-12-18 12:00:00,1452.659287,high,high
2024-12-18 12:15:00,1444.540775,medium,high
2024-12-18 12:30:00,1426.109384,medium,medium
2024-12-18 12:45:00,1412.449806,medium,medium
2024-12-18 13:00:00,1370.818694,medium,medium
2024-12-18 13:15:00,1359.748381,medium,medium
2024-12-18 13:30:00,1352.459066,medium,medium
2024-12-18 13:45:00,1353.340664,medium,medium
2024-12-18 14:00:00,1365.043605,medium,medium
2024-12-18 14:15:00,1374.838019,medium,medium
2024-12-18 14:30:00,1385.182432,medium,medium
2024-12-18 14:45:00,1390.108564,medium,medium
2024-12-18 15:00:00,1392.571694,medium,medium
2024-12-18 15:15:00,1391.130468,medium,medium
2024-12-18 15:30:00,1387.419861,medium,medium
2024-12-18 15:45:00,1384.617511,medium,medium
2024-12-18 16:00:00,1384.125636,medium,medium
2024-12-18 16:15:00,1377.635727,medium,medium
2024-12-18 16:30:00,1382.042741,medium,medium
2024-12-18 16:45:00,1380.425371,medium,medium
2024-12-18 17:00:00,1383.476947,medium,medium
2024-12-18 17:15:00,1384.668006,medium,medium
2024-12-18 17:30:00,1389.541658,medium,medium
2024-12-18 17:45:00,1406.421782,medium,medium
2024-12-18 18:00:00,1437.525202,medium,medium
2024-12-18 18:15:00,1468.52946,high,medium
2024-12-18 18:30:00,1476.244665,high,medium
2024-12-18 18:45:00,1466.26006,high,medium
2024-12-18 19:00:00,1448.003713,high,medium
2024-12-18 19:15:00,1433.850791,medium,medium
2024-12-18 19:30:00,1414.008256,medium,medium
2024-12-18 19:45:00,1393.866862,medium,medium
2024-12-18 20:00:00,1369.190818,medium,medium
2024-12-18 20:15:00,1353.350231,medium,medium
2024-12-18 20:30:00,1337.83905,medium,medium
2024-12-18 20:45:00,1315.527565,medium,medium
2024-12-18 21:00:00,1282.271812,medium,medium
2024-12-18 21:15:00,1262.370732,medium,medium
2024-12-18 21:30:00,1238.855632,medium,medium
2024-12-18 21:45:00,1220.758772,medium,medium
2024-12-18 22:00:00,1189.870068,low,medium
2024-12-18 22:15:00,1169.995592,low,low
2024-12-18 22:30:00,1150.645516,low,low
2024-12-18 22:45:00,1130.564359,low,low
2024-12-18 23:00:00,1104.364447,low,low
2024-12-18 23:15:00,1083.103203,low,low
2024-12-18 23:30:00,1063.308926,low,low
2024-12-18 23:45:00,1043.232164,low,low
2024-12-19 00:00:00,1019.081738,low,low
2024-12-19 00:15:00,998.907048,low,low
2024-12-19 00:30:00,980.3154388,low,low
2024-12-19 00:45:00,960.2522032,low,low
2024-12-19 01:00:00,942.16655,low,low
2024-12-19 01:15:00,923.641256,low,low
2024-12-19 01:30:00,907.7777432,low,low
2024-12-19 01:45:00,896.024418,low,low
2024-12-19 02:00:00,880.8617388,low,low
2024-12-19 02:15:00,870.6294892,low,low
2024-12-19 02:30:00,862.8872716,low,low
2024-12-19 02:45:00,852.8130652,low,low
2024-12-19 03:00:00,845.846686,low,low
2024-12-19 03:15:00,839.381688,low,low
2024-12-19 03:30:00,832.1862448,low,low
2024-12-19 03:45:00,828.4513688,low,low
2024-12-19 04:00:00,825.93521,low,low
2024-12-19 04:15:00,825.4529608,low,low
2024-12-19 04:30:00,828.0365,low,low
2024-12-19 04:45:00,832.517148,low,low
2024-12-19 05:00:00,844.5201736,low,low
2024-12-19 05:15:00,861.3694672,low,low
2024-12-19 05:30:00,884.7761728,low,low
2024-12-19 05:45:00,915.71484,low,low
2024-12-19 06:00:00,958.8830716,low,low
2024-12-19 06:15:00,982.6749648,low,low
2024-12-19 06:30:00,994.9877184,low,low
2024-12-19 06:45:00,1007.430948,low,low
2024-12-19 07:00:00,1034.891795,low,low
2024-12-19 07:15:00,1073.173369,low,low
2024-12-19 07:30:00,1105.567982,low,low
2024-12-19 07:45:00,1135.248595,low,low
2024-12-19 08:00:00,1168.903232,low,low
2024-12-19 08:15:00,1204.81921,medium,medium
2024-12-19 08:30:00,1235.938589,medium,medium
2024-12-19 08:45:00,1266.779506,medium,medium
2024-12-19 09:00:00,1292.351513,medium,medium
2024-12-19 09:15:00,1327.243518,medium,medium
2024-12-19 09:30:00,1356.265724,medium,medium
2024-12-19 09:45:00,1376.524954,medium,medium
2024-12-19 10:00:00,1406.31739,medium,medium
2024-12-19 10:15:00,1433.291472,medium,medium
2024-12-19 10:30:00,1450.581674,high,medium
2024-12-19 10:45:00,1459.571688,high,medium
2024-12-19 11:00:00,1465.634732,high,high
2024-12-19 11:15:00,1469.317527,high,high
2024-12-19 11:30:00,1467.971018,high,high
2024-12-19 11:45:00,1461.272835,high,high
2024-12-19 12:00:00,1456.424576,high,high
2024-12-19 12:15:00,1444.673999,medium,high
2024-12-19 12:30:00,1425.100877,medium,medium
2024-12-19 12:45:00,1412.74115,medium,medium
2024-12-19 13:00:00,1370.940177,medium,medium
2024-12-19 13:15:00,1361.218636,medium,medium
2024-12-19 13:30:00,1354.841367,medium,medium
2024-12-19 13:45:00,1354.072819,medium,medium
2024-12-19 14:00:00,1362.241764,medium,medium
2024-12-19 14:15:00,1369.421642,medium,medium
2024-12-19 14:30:00,1372.716746,medium,medium
2024-12-19 14:45:00,1374.301075,medium,medium
2024-12-19 15:00:00,1375.362064,medium,medium
2024-12-19 15:15:00,1371.63889,medium,medium
2024-12-19 15:30:00,1371.052926,medium,medium
2024-12-19 15:45:00,1367.02491,medium,medium
2024-12-19 16:00:00,1364.267428,medium,medium
2024-12-19 16:15:00,1362.452974,medium,medium
2024-12-19 16:30:00,1360.2812,medium,medium
2024-12-19 16:45:00,1355.245447,medium,medium
2024-12-19 17:00:00,1358.001748,medium,medium
2024-12-19 17:15:00,1360.952588,medium,medium
2024-12-19 17:30:00,1368.115521,medium,medium
2024-12-19 17:45:00,1389.964806,medium,medium
2024-12-19 18:00:00,1422.128534,medium,medium
2024-12-19 18:15:00,1445.903598,high,medium
2024-12-19 18:30:00,1453.726698,high,medium
2024-12-19 18:45:00,1447.98124,high,medium
2024-12-19 19:00:00,1431.608704,medium,medium
2024-12-19 19:15:00,1418.751814,medium,medium
2024-12-19 19:30:00,1404.346532,medium,medium
2024-12-19 19:45:00,1382.667449,medium,medium
2024-12-19 20:00:00,1359.287532,medium,medium
2024-12-19 20:15:00,1340.815436,medium,medium
2024-12-19 20:30:00,1322.95203,medium,medium
2024-12-19 20:45:00,1302.240921,medium,medium
2024-12-19 21:00:00,1272.447775,medium,medium
2024-12-19 21:15:00,1250.3519,medium,medium
2024-12-19 21:30:00,1228.500939,medium,medium
2024-12-19 21:45:00,1209.315899,medium,medium
2024-12-19 22:00:00,1183.088573,low,medium
2024-12-19 22:15:00,1166.460421,low,low
2024-12-19 22:30:00,1148.179989,low,low
2024-12-19 22:45:00,1130.802373,low,low
2024-12-19 23:00:00,1109.59473,low,low
2024-12-19 23:15:00,1090.03662,low,low
2024-12-19 23:30:00,1074.069071,low,low
2024-12-19 23:45:00,1055.016954,low,low
2024-12-20 00:00:00,1031.677982,low,low
2024-12-20 00:15:00,1015.430774,low,low
2024-12-20 00:30:00,996.9073224,low,low
2024-12-20 00:45:00,979.2742584,low,low
2024-12-20 01:00:00,962.2338756,low,low
2024-12-20 01:15:00,945.4518376,low,low
2024-12-20 01:30:00,931.4674676,low,low
2024-12-20 01:45:00,917.9643908,low,low
2024-12-20 02:00:00,904.1955132,low,low
2024-12-20 02:15:00,891.90411,low,low
2024-12-20 02:30:00,881.4826356,low,low
2024-12-20 02:45:00,873.2417696,low,low
2024-12-20 03:00:00,864.26174,low,low
2024-12-20 03:15:00,856.9319608,low,low
2024-12-20 03:30:00,850.0455216,low,low
2024-12-20 03:45:00,847.0226308,low,low
2024-12-20 04:00:00,843.202746,low,low
2024-12-20 04:15:00,842.7133396,low,low
2024-12-20 04:30:00,844.9440264,low,low
2024-12-20 04:45:00,849.4600056,low,low
2024-12-20 05:00:00,859.6570428,low,low
2024-12-20 05:15:00,875.8868092,low,low
2024-12-20 05:30:00,897.5276352,low,low
2024-12-20 05:45:00,926.5609912,low,low
2024-12-20 06:00:00,969.6409412,low,low
2024-12-20 06:15:00,998.5845524,low,low
2024-12-20 06:30:00,1011.07436,low,low
2024-12-20 06:45:00,1021.379532,low,low
2024-12-20 07:00:00,1045.641762,low,low
2024-12-20 07:15:00,1086.731151,low,low
2024-12-20 07:30:00,1129.101445,low,low
2024-12-20 07:45:00,1160.675648,low,low
2024-12-20 08:00:00,1200.765416,medium,low
2024-12-20 08:15:00,1235.194734,medium,medium
2024-12-20 08:30:00,1266.530593,medium,medium
2024-12-20 08:45:00,1299.150012,medium,medium
2024-12-20 09:00:00,1329.736426,medium,medium
2024-12-20 09:15:00,1374.459364,medium,medium
2024-12-20 09:30:00,1400.068827,medium,medium
2024-12-20 09:45:00,1428.832793,medium,medium
2024-12-20 10:00:00,1454.213977,high,medium
2024-12-20 10:15:00,1475.697169,high,medium
2024-12-20 10:30:00,1494.11544,high,medium
2024-12-20 10:45:00,1506.897155,high,medium
2024-12-20 11:00:00,1515.104441,high,high
2024-12-20 11:15:00,1516.401522,high,high
2024-12-20 11:30:00,1517.633791,high,high
2024-12-20 11:45:00,1511.047506,high,high
2024-12-20 12:00:00,1508.961294,high,high
2024-12-20 12:15:00,1502.067963,high,high
2024-12-20 12:30:00,1483.605007,high,medium
2024-12-20 12:45:00,1466.80748,high,medium
2024-12-20 13:00:00,1416.16726,medium,medium
2024-12-20 13:15:00,1396.292489,medium,medium
2024-12-20 13:30:00,1382.279074,medium,medium
2024-12-20 13:45:00,1376.744841,medium,medium
2024-12-20 14:00:00,1382.928685,medium,medium
2024-12-20 14:15:00,1380.721946,medium,medium
2024-12-20 14:30:00,1383.284981,medium,medium
2024-12-20 14:45:00,1382.741694,medium,medium
2024-12-20 15:00:00,1379.301316,medium,medium
2024-12-20 15:15:00,1374.984988,medium,medium
2024-12-20 15:30:00,1369.634018,medium,medium
2024-12-20 15:45:00,1367.663133,medium,medium
2024-12-20 16:00:00,1363.166916,medium,medium
2024-12-20 16:15:00,1359.77236,medium,medium
2024-12-20 16:30:00,1358.747476,medium,medium
2024-12-20 16:45:00,1355.10905,medium,medium
2024-12-20 17:00:00,1358.069964,medium,medium
2024-12-20 17:15:00,1360.977362,medium,medium
2024-12-20 17:30:00,1362.392475,medium,medium
2024-12-20 17:45:00,1377.134412,medium,medium
2024-12-20 18:00:00,1406.02487,medium,medium
2024-12-20 18:15:00,1430.971583,medium,medium
2024-12-20 18:30:00,1436.597318,medium,medium
2024-12-20 18:45:00,1430.334667,medium,medium
2024-12-20 19:00:00,1416.574066,medium,medium
2024-12-20 19:15:00,1400.498748,medium,medium
2024-12-20 19:30:00,1383.766212,medium,medium
2024-12-20 19:45:00,1364.961005,medium,medium
2024-12-20 20:00:00,1339.699298,medium,medium
2024-12-20 20:15:00,1322.7832,medium,medium
2024-12-20 20:30:00,1306.318569,medium,medium
2024-12-20 20:45:00,1284.937195,medium,medium
2024-12-20 21:00:00,1256.818721,medium,medium
2024-12-20 21:15:00,1237.060665,medium,medium
2024-12-20 21:30:00,1207.082013,medium,medium
2024-12-20 21:45:00,1184.538905,low,medium
2024-12-20 22:00:00,1159.768124,low,medium
2024-12-20 22:15:00,1138.371769,low,low
2024-12-20 22:30:00,1121.834284,low,low
2024-12-20 22:45:00,1103.588063,low,low
2024-12-20 23:00:00,1081.074098,low,low
2024-12-20 23:15:00,1060.881695,low,low
2024-12-20 23:30:00,1042.355568,low,low
2024-12-20 23:45:00,1023.738421,low,low
2024-12-21 00:00:00,1000.084135,low,low
2024-12-21 00:15:00,981.5366416,low,low
2024-12-21 00:30:00,961.2642936,low,low
2024-12-21 00:45:00,948.7107344,low,low
2024-12-21 01:00:00,931.857176,low,low
2024-12-21 01:15:00,916.9768804,low,low
2024-12-21 01:30:00,902.2317672,low,low
2024-12-21 01:45:00,890.4659924,low,low
2024-12-21 02:00:00,878.8613276,low,low
2024-12-21 02:15:00,867.720422,low,low
2024-12-21 02:30:00,857.8257468,low,low
2024-12-21 02:45:00,848.6111652,low,low
2024-12-21 03:00:00,839.6365656,low,low
2024-12-21 03:15:00,835.8827352,low,low
2024-12-21 03:30:00,831.2808136,low,low
2024-12-21 03:45:00,825.4004276,low,low
2024-12-21 04:00:00,825.4958472,low,low
2024-12-21 04:15:00,826.8948312,low,low
2024-12-21 04:30:00,828.4054876,low,low
2024-12-21 04:45:00,834.122608,low,low
2024-12-21 05:00:00,840.3400228,low,low
2024-12-21 05:15:00,852.5389956,low,low
2024-12-21 05:30:00,867.0795056,low,low
2024-12-21 05:45:00,884.6381948,low,low
2024-12-21 06:00:00,915.032278,low,low
2024-12-21 06:15:00,933.8433924,low,low
2024-12-21 06:30:00,943.7768604,low,low
2024-12-21 06:45:00,950.8225448,low,low
2024-12-21 07:00:00,972.46692,low,low
2024-12-21 07:15:00,999.794886,low,low
2024-12-21 07:30:00,1029.941292,low,low
2024-12-21 07:45:00,1055.767134,low,low
2024-12-21 08:00:00,1089.994854,low,low
2024-12-21 08:15:00,1129.947909,low,medium
2024-12-21 08:30:00,1165.556951,low,medium
2024-12-21 08:45:00,1198.945759,low,medium
2024-12-21 09:00:00,1232.887317,medium,medium
2024-12-21 09:15:00,1277.490199,medium,medium
2024-12-21 09:30:00,1309.53587,medium,medium
2024-12-21 09:45:00,1339.055758,medium,medium
2024-12-21 10:00:00,1367.604122,medium,medium
2024-12-21 10:15:00,1409.079404,medium,medium
2024-12-21 10:30:00,1427.697185,medium,medium
2024-12-21 10:45:00,1437.364559,medium,medium
2024-12-21 11:00:00,1444.703898,medium,medium
2024-12-21 11:15:00,1449.189359,high,medium
2024-12-21 11:30:00,1449.873286,high,medium
2024-12-21 11:45:00,1445.331284,medium,medium
2024-12-21 12:00:00,1438.779551,medium,medium
2024-12-21 12:15:00,1429.444305,medium,medium
2024-12-21 12:30:00,1411.738582,medium,medium
2024-12-21 12:45:00,1393.971126,medium,medium
2024-12-21 13:00:00,1342.381189,medium,medium
2024-12-21 13:15:00,1323.119252,medium,medium
2024-12-21 13:30:00,1313.980326,medium,medium
2024-12-21 13:45:00,1312.736571,medium,medium
2024-12-21 14:00:00,1321.690906,medium,medium
2024-12-21 14:15:00,1323.045157,medium,medium
2024-12-21 14:30:00,1324.736034,medium,medium
2024-12-21 14:45:00,1321.716895,medium,medium
2024-12-21 15:00:00,1319.690014,medium,medium
2024-12-21 15:15:00,1316.224416,medium,medium
2024-12-21 15:30:00,1309.791005,medium,medium
2024-12-21 15:45:00,1302.475688,medium,medium
2024-12-21 16:00:00,1305.274622,medium,medium
2024-12-21 16:15:00,1302.178563,medium,medium
2024-12-21 16:30:00,1303.645396,medium,medium
2024-12-21 16:45:00,1297.400136,medium,medium
2024-12-21 17:00:00,1304.28287,medium,medium
2024-12-21 17:15:00,1308.681917,medium,medium
2024-12-21 17:30:00,1315.167717,medium,medium
2024-12-21 17:45:00,1331.795878,medium,medium
2024-12-21 18:00:00,1361.557986,medium,medium
2024-12-21 18:15:00,1393.978162,medium,medium
2024-12-21 18:30:00,1404.534416,medium,medium
2024-12-21 18:45:00,1398.204744,medium,medium
2024-12-21 19:00:00,1385.718165,medium,medium
2024-12-21 19:15:00,1369.805556,medium,medium
2024-12-21 19:30:00,1354.793705,medium,medium
2024-12-21 19:45:00,1339.376614,medium,medium
2024-12-21 20:00:00,1317.791429,medium,medium
2024-12-21 20:15:00,1304.078541,medium,medium
2024-12-21 20:30:00,1286.584453,medium,medium
2024-12-21 20:45:00,1265.269476,medium,medium
2024-12-21 21:00:00,1235.080725,medium,medium
2024-12-21 21:15:00,1219.061055,medium,medium
2024-12-21 21:30:00,1200.577843,medium,medium
2024-12-21 21:45:00,1180.851389,low,medium
2024-12-21 22:00:00,1152.916286,low,medium
2024-12-21 22:15:00,1126.216742,low,low
2024-12-21 22:30:00,1111.47415,low,low
2024-12-21 22:45:00,1095.664065,low,low
2024-12-21 23:00:00,1079.310078,low,low
2024-12-21 23:15:00,1065.609498,low,low
2024-12-21 23:30:00,1050.507393,low,low
2024-12-21 23:45:00,1036.386216,low,low
2024-12-22 00:00:00,1009.940606,low,low
2024-12-22 00:15:00,995.4608524,low,low
2024-12-22 00:30:00,980.6483512,low,low
2024-12-22 00:45:00,966.3312108,low,low
2024-12-22 01:00:00,952.0101636,low,low
2024-12-22 01:15:00,933.3320508,low,low
2024-12-22 01:30:00,920.325982,low,low
2024-12-22 01:45:00,910.3982312,low,low
2024-12-22 02:00:00,901.0780244,low,low
2024-12-22 02:15:00,889.930578,low,low
2024-12-22 02:30:00,880.1143696,low,low
2024-12-22 02:45:00,870.8398948,low,low
2024-12-22 03:00:00,861.3860828,low,low
2024-12-22 03:15:00,852.3875496,low,low
2024-12-22 03:30:00,847.9922132,low,low
2024-12-22 03:45:00,842.7287508,low,low
2024-12-22 04:00:00,840.3079884,low,low
2024-12-22 04:15:00,839.3362684,low,low
2024-12-22 04:30:00,838.9551184,low,low
2024-12-22 04:45:00,838.0723988,low,low
2024-12-22 05:00:00,843.0616072,low,low
2024-12-22 05:15:00,848.7704,low,low
2024-12-22 05:30:00,853.6158568,low,low
2024-12-22 05:45:00,860.4281864,low,low
2024-12-22 06:00:00,876.2257228,low,low
2024-12-22 06:15:00,885.994726,low,low
2024-12-22 06:30:00,892.892794,low,low
2024-12-22 06:45:00,899.1299792,low,low
2024-12-22 07:00:00,907.2465984,low,low
2024-12-22 07:15:00,925.3342352,low,low
2024-12-22 07:30:00,944.194908,low,low
2024-12-22 07:45:00,964.486048,low,low
2024-12-22 08:00:00,994.5805176,low,low
2024-12-22 08:15:00,1018.27412,low,low
2024-12-22 08:30:00,1041.922603,low,low
2024-12-22 08:45:00,1068.875449,low,low
2024-12-22 09:00:00,1093.521524,low,low
2024-12-22 09:15:00,1127.762739,low,low
2024-12-22 09:30:00,1149.928039,low,low
2024-12-22 09:45:00,1171.331419,low,low
2024-12-22 10:00:00,1195.781903,low,medium
2024-12-22 10:15:00,1217.078151,medium,medium
2024-12-22 10:30:00,1238.98411,medium,medium
2024-12-22 10:45:00,1256.597304,medium,medium
2024-12-22 11:00:00,1265.568012,medium,medium
2024-12-22 11:15:00,1268.809834,medium,medium
2024-12-22 11:30:00,1274.066584,medium,medium
2024-12-22 11:45:00,1271.545017,medium,medium
2024-12-22 12:00:00,1269.40467,medium,medium
2024-12-22 12:15:00,1262.35675,medium,medium
2024-12-22 12:30:00,1252.622903,medium,medium
2024-12-22 12:45:00,1244.003412,medium,medium
2024-12-22 13:00:00,1213.541521,medium,medium
2024-12-22 13:15:00,1194.884659,low,medium
2024-12-22 13:30:00,1181.344961,low,medium
2024-12-22 13:45:00,1168.458677,low,medium
2024-12-22 14:00:00,1159.860396,low,low
2024-12-22 14:15:00,1148.9478,low,low
2024-12-22 14:30:00,1146.349047,low,low
2024-12-22 14:45:00,1136.253469,low,low
2024-12-22 15:00:00,1130.326578,low,low
2024-12-22 15:15:00,1123.290896,low,low
2024-12-22 15:30:00,1113.65821,low,low
2024-12-22 15:45:00,1105.067529,low,low
2024-12-22 16:00:00,1098.167524,low,low
2024-12-22 16:15:00,1086.157082,low,low
2024-12-22 16:30:00,1080.211379,low,low
2024-12-22 16:45:00,1080.473411,low,low
2024-12-22 17:00:00,1083.764147,low,low
2024-12-22 17:15:00,1093.19315,low,low
2024-12-22 17:30:00,1104.733094,low,low
2024-12-22 17:45:00,1131.282697,low,low
2024-12-22 18:00:00,1171.359638,low,low
2024-12-22 18:15:00,1206.122898,medium,medium
2024-12-22 18:30:00,1220.444887,medium,medium
2024-12-22 18:45:00,1223.936825,medium,medium
2024-12-22 19:00:00,1221.800924,medium,medium
2024-12-22 19:15:00,1217.660866,medium,medium
2024-12-22 19:30:00,1210.413879,medium,medium
2024-12-22 19:45:00,1203.721674,medium,medium
2024-12-22 20:00:00,1199.102214,low,medium
2024-12-22 20:15:00,1194.149316,low,medium
2024-12-22 20:30:00,1187.725771,low,medium
2024-12-22 20:45:00,1178.02056,low,medium
2024-12-22 21:00:00,1169.463611,low,medium
2024-12-22 21:15:00,1158.932332,low,low
2024-12-22 21:30:00,1147.140855,low,low
2024-12-22 21:45:00,1136.242096,low,low
2024-12-22 22:00:00,1117.678267,low,low
2024-12-22 22:15:00,1105.286729,low,low
2024-12-22 22:30:00,1093.108093,low,low
2024-12-22 22:45:00,1079.867268,low,low
2024-12-22 23:00:00,1063.168558,low,low
2024-12-22 23:15:00,1049.101037,low,low
2024-12-22 23:30:00,1032.913722,low,low
2024-12-22 23:45:00,1020.164322,low,low
2024-12-23 00:00:00,1001.913656,low,low
2024-12-23 00:15:00,987.1120468,low,low
2024-12-23 00:30:00,969.9854508,low,low
2024-12-23 00:45:00,951.8921928,low,low
2024-12-23 01:00:00,938.3703784,low,low
2024-12-23 01:15:00,923.9542188,low,low
2024-12-23 01:30:00,911.1166088,low,low
2024-12-23 01:45:00,900.0392064,low,low
2024-12-23 02:00:00,887.5663796,low,low
2024-12-23 02:15:00,876.7405488,low,low
2024-12-23 02:30:00,865.2594528,low,low
2024-12-23 02:45:00,856.0806784,low,low
2024-12-23 03:00:00,849.3481392,low,low
2024-12-23 03:15:00,843.6379288,low,low
2024-12-23 03:30:00,837.8376596,low,low
2024-12-23 03:45:00,834.3756136,low,low
2024-12-23 04:00:00,833.746016,low,low
2024-12-23 04:15:00,835.844502,low,low
2024-12-23 04:30:00,837.7713476,low,low
2024-12-23 04:45:00,842.6219756,low,low
2024-12-23 05:00:00,851.7394268,low,low
2024-12-23 05:15:00,865.601182,low,low
2024-12-23 05:30:00,883.2062992,low,low
2024-12-23 05:45:00,902.723164,low,low
2024-12-23 06:00:00,936.4829344,low,low
2024-12-23 06:15:00,963.9436136,low,low
2024-12-23 06:30:00,978.242276,low,low
2024-12-23 06:45:00,991.7525148,low,low
2024-12-23 07:00:00,1023.584207,low,low
2024-12-23 07:15:00,1063.708463,low,low
2024-12-23 07:30:00,1108.770015,low,low
2024-12-23 07:45:00,1145.579785,low,low
2024-12-23 08:00:00,1187.620007,low,low
2024-12-23 08:15:00,1223.627417,medium,medium
2024-12-23 08:30:00,1262.137342,medium,medium
2024-12-23 08:45:00,1293.691,medium,medium
2024-12-23 09:00:00,1328.479395,medium,medium
2024-12-23 09:15:00,1373.309699,medium,medium
2024-12-23 09:30:00,1401.851137,medium,medium
2024-12-23 09:45:00,1427.968829,medium,medium
2024-12-23 10:00:00,1449.807057,high,medium
2024-12-23 10:15:00,1477.617584,high,medium
2024-12-23 10:30:00,1489.22511,high,medium
2024-12-23 10:45:00,1501.867115,high,medium
2024-12-23 11:00:00,1508.551018,high,medium
2024-12-23 11:15:00,1513.356488,high,medium
2024-12-23 11:30:00,1510.405882,high,medium
2024-12-23 11:45:00,1503.944292,high,medium
2024-12-23 12:00:00,1494.591301,high,medium
2024-12-23 12:15:00,1478.256294,high,medium
2024-12-23 12:30:00,1459.623509,high,medium
2024-12-23 12:45:00,1440.674464,medium,medium
2024-12-23 13:00:00,1391.635341,medium,medium
2024-12-23 13:15:00,1371.630364,medium,medium
2024-12-23 13:30:00,1363.034974,medium,medium
2024-12-23 13:45:00,1361.24829,medium,medium
2024-12-23 14:00:00,1370.394006,medium,medium
2024-12-23 14:15:00,1366.980462,medium,medium
2024-12-23 14:30:00,1365.338102,medium,medium
2024-12-23 14:45:00,1364.023032,medium,medium
2024-12-23 15:00:00,1364.191598,medium,medium
2024-12-23 15:15:00,1361.009357,medium,medium
2024-12-23 15:30:00,1357.298872,medium,medium
2024-12-23 15:45:00,1349.94606,medium,medium
2024-12-23 16:00:00,1347.468336,medium,medium
2024-12-23 16:15:00,1340.613159,medium,medium
2024-12-23 16:30:00,1340.836064,medium,medium
2024-12-23 16:45:00,1337.570412,medium,medium
2024-12-23 17:00:00,1339.935438,medium,medium
2024-12-23 17:15:00,1343.685706,medium,medium
2024-12-23 17:30:00,1345.435324,medium,medium
2024-12-23 17:45:00,1361.637023,medium,medium
2024-12-23 18:00:00,1386.178216,medium,medium
2024-12-23 18:15:00,1404.140432,medium,medium
2024-12-23 18:30:00,1407.192268,medium,medium
2024-12-23 18:45:00,1399.895648,medium,medium
2024-12-23 19:00:00,1382.187063,medium,medium
2024-12-23 19:15:00,1365.828371,medium,medium
2024-12-23 19:30:00,1345.928299,medium,medium
2024-12-23 19:45:00,1327.040992,medium,medium
2024-12-23 20:00:00,1298.435512,medium,medium
2024-12-23 20:15:00,1278.047442,medium,medium
2024-12-23 20:30:00,1259.103038,medium,medium
2024-12-23 20:45:00,1239.333894,medium,medium
2024-12-23 21:00:00,1214.485567,medium,medium
2024-12-23 21:15:00,1198.836264,low,medium
2024-12-23 21:30:00,1175.699424,low,medium
2024-12-23 21:45:00,1154.520664,low,medium
2024-12-23 22:00:00,1125.519143,low,medium
2024-12-23 22:15:00,1103.40143,low,low
2024-12-23 22:30:00,1086.142757,low,low
2024-12-23 22:45:00,1069.09665,low,low
2024-12-23 23:00:00,1046.834668,low,low
2024-12-23 23:15:00,1028.818602,low,low
2024-12-23 23:30:00,1011.577592,low,low
2024-12-23 23:45:00,995.1586512,low,low
2024-12-24 00:00:00,973.8851904,low,low
2024-12-24 00:15:00,957.7462372,low,low
2024-12-24 00:30:00,942.6368696,low,low
2024-12-24 00:45:00,926.5241828,low,low
2024-12-24 01:00:00,912.1925404,low,low
2024-12-24 01:15:00,899.0251588,low,low
2024-12-24 01:30:00,885.5276072,low,low
2024-12-24 01:45:00,872.0134764,low,low
2024-12-24 02:00:00,860.96216,low,low
2024-12-24 02:15:00,847.6089336,low,low
2024-12-24 02:30:00,840.040002,low,low
2024-12-24 02:45:00,832.2373152,low,low
2024-12-24 03:00:00,826.0608136,low,low
2024-12-24 03:15:00,819.4295052,low,low
2024-12-24 03:30:00,813.68762,low,low
2024-12-24 03:45:00,809.3028512,low,low
2024-12-24 04:00:00,809.3466904,low,low
2024-12-24 04:15:00,809.1503772,low,low
2024-12-24 04:30:00,811.432972,low,low
2024-12-24 04:45:00,815.227804,low,low
2024-12-24 05:00:00,825.7679524,low,low
2024-12-24 05:15:00,836.164886,low,low
2024-12-24 05:30:00,850.1983396,low,low
2024-12-24 05:45:00,869.2024012,low,low
2024-12-24 06:00:00,901.288426,low,low
2024-12-24 06:15:00,925.9056484,low,low
2024-12-24 06:30:00,943.8460976,low,low
2024-12-24 06:45:00,960.7277428,low,low
2024-12-24 07:00:00,987.9511512,low,low
2024-12-24 07:15:00,1026.477367,low,low
2024-12-24 07:30:00,1068.178897,low,low
2024-12-24 07:45:00,1101.140273,low,low
2024-12-24 08:00:00,1143.319338,low,low
2024-12-24 08:15:00,1187.941192,low,medium
2024-12-24 08:30:00,1222.128379,medium,medium
2024-12-24 08:45:00,1254.263284,medium,medium
2024-12-24 09:00:00,1285.318631,medium,medium
2024-12-24 09:15:00,1328.654827,medium,medium
2024-12-24 09:30:00,1352.071117,medium,medium
2024-12-24 09:45:00,1376.433659,medium,medium
2024-12-24 10:00:00,1404.35368,medium,medium
2024-12-24 10:15:00,1425.99411,medium,medium
2024-12-24 10:30:00,1441.556161,medium,medium
2024-12-24 10:45:00,1448.67668,high,medium
2024-12-24 11:00:00,1452.460072,high,medium
2024-12-24 11:15:00,1456.465958,high,medium
2024-12-24 11:30:00,1452.402656,high,medium
2024-12-24 11:45:00,1451.227523,high,medium
2024-12-24 12:00:00,1447.003536,high,medium
2024-12-24 12:15:00,1436.94014,medium,medium
2024-12-24 12:30:00,1415.061714,medium,medium
2024-12-24 12:45:00,1390.610363,medium,medium
2024-12-24 13:00:00,1342.538187,medium,medium
2024-12-24 13:15:00,1324.676836,medium,medium
2024-12-24 13:30:00,1314.937042,medium,medium
2024-12-24 13:45:00,1315.670826,medium,medium
2024-12-24 14:00:00,1323.397891,medium,medium
2024-12-24 14:15:00,1327.4906,medium,medium
2024-12-24 14:30:00,1328.978876,medium,medium
2024-12-24 14:45:00,1328.435166,medium,medium
2024-12-24 15:00:00,1331.063726,medium,medium
2024-12-24 15:15:00,1328.868344,medium,medium
2024-12-24 15:30:00,1327.172239,medium,medium
2024-12-24 15:45:00,1320.410717,medium,medium
2024-12-24 16:00:00,1317.437494,medium,medium
2024-12-24 16:15:00,1310.294306,medium,medium
2024-12-24 16:30:00,1310.026641,medium,medium
2024-12-24 16:45:00,1309.66548,medium,medium
2024-12-24 17:00:00,1313.359199,medium,medium
2024-12-24 17:15:00,1315.855308,medium,medium
2024-12-24 17:30:00,1322.868442,medium,medium
2024-12-24 17:45:00,1341.237784,medium,medium
2024-12-24 18:00:00,1366.617974,medium,medium
2024-12-24 18:15:00,1387.585961,medium,medium
2024-12-24 18:30:00,1395.260121,medium,medium
2024-12-24 18:45:00,1389.911261,medium,medium
2024-12-24 19:00:00,1374.353882,medium,medium
2024-12-24 19:15:00,1359.697306,medium,medium
2024-12-24 19:30:00,1343.45755,medium,medium
2024-12-24 19:45:00,1323.115084,medium,medium
2024-12-24 20:00:00,1299.842812,medium,medium
2024-12-24 20:15:00,1280.440894,medium,medium
2024-12-24 20:30:00,1262.320167,medium,medium
2024-12-24 20:45:00,1236.166956,medium,medium
2024-12-24 21:00:00,1205.050376,medium,medium
2024-12-24 21:15:00,1183.115302,low,medium
2024-12-24 21:30:00,1158.700946,low,medium
2024-12-24 21:45:00,1134.823919,low,medium
2024-12-24 22:00:00,1106.462366,low,medium
2024-12-24 22:15:00,1083.292056,low,low
2024-12-24 22:30:00,1059.872458,low,low
2024-12-24 22:45:00,1041.960327,low,low
2024-12-24 23:00:00,1018.674872,low,low
2024-12-24 23:15:00,999.01991,low,low
2024-12-24 23:30:00,983.2338216,low,low
2024-12-24 23:45:00,967.894832,low,low
2024-12-25 00:00:00,947.506766,low,low
2024-12-25 00:15:00,930.1762696,low,low
2024-12-25 00:30:00,916.1456016,low,low
2024-12-25 00:45:00,902.9677348,low,low
2024-12-25 01:00:00,889.2512296,low,low
2024-12-25 01:15:00,877.0017204,low,low
2024-12-25 01:30:00,864.314286,low,low
2024-12-25 01:45:00,853.3842916,low,low
2024-12-25 02:00:00,841.458528,low,low
2024-12-25 02:15:00,830.7625432,low,low
2024-12-25 02:30:00,823.0150984,low,low
2024-12-25 02:45:00,812.805556,low,low
2024-12-25 03:00:00,805.484394,low,low
2024-12-25 03:15:00,800.382378,low,low
2024-12-25 03:30:00,794.7012256,low,low
2024-12-25 03:45:00,791.13509,low,low
2024-12-25 04:00:00,790.0644596,low,low
2024-12-25 04:15:00,789.1875104,low,low
2024-12-25 04:30:00,791.4385876,low,low
2024-12-25 04:45:00,794.5997272,low,low
2024-12-25 05:00:00,800.5911732,low,low
2024-12-25 05:15:00,806.9926916,low,low
2024-12-25 05:30:00,814.9445608,low,low
2024-12-25 05:45:00,824.4136792,low,low
2024-12-25 06:00:00,842.8489248,low,low
2024-12-25 06:15:00,859.4048608,low,low
2024-12-25 06:30:00,867.988082,low,low
2024-12-25 06:45:00,873.9038652,low,low
2024-12-25 07:00:00,886.5799856,low,low
2024-12-25 07:15:00,912.3002224,low,low
2024-12-25 07:30:00,937.7258752,low,low
2024-12-25 07:45:00,966.9863704,low,low
2024-12-25 08:00:00,994.9614628,low,low
2024-12-25 08:15:00,1023.807798,low,medium
2024-12-25 08:30:00,1054.976061,low,medium
2024-12-25 08:45:00,1089.68087,low,medium
2024-12-25 09:00:00,1126.502392,low,medium
2024-12-25 09:15:00,1168.256472,low,medium
2024-12-25 09:30:00,1205.652159,medium,medium
2024-12-25 09:45:00,1232.168384,medium,medium
2024-12-25 10:00:00,1263.061706,medium,medium
2024-12-25 10:15:00,1291.777575,medium,medium
2024-12-25 10:30:00,1317.858085,medium,medium
2024-12-25 10:45:00,1330.788946,medium,medium
2024-12-25 11:00:00,1333.716231,medium,medium
2024-12-25 11:15:00,1336.78787,medium,medium
2024-12-25 11:30:00,1342.850886,medium,medium
2024-12-25 11:45:00,1344.094848,medium,medium
2024-12-25 12:00:00,1345.14434,medium,medium
2024-12-25 12:15:00,1337.015442,medium,medium
2024-12-25 12:30:00,1324.612687,medium,medium
2024-12-25 12:45:00,1305.245088,medium,medium
2024-12-25 13:00:00,1255.907158,medium,medium
2024-12-25 13:15:00,1239.258228,medium,medium
2024-12-25 13:30:00,1230.217545,medium,medium
2024-12-25 13:45:00,1221.303949,medium,medium
2024-12-25 14:00:00,1223.695347,medium,medium
2024-12-25 14:15:00,1224.136723,medium,medium
2024-12-25 14:30:00,1222.232148,medium,medium
